Kind,Name,AltAvgLineBlank,AltAvgLineCode,AltAvgLineComment,AltCountLineBlank,AltCountLineCode,AltCountLineComment,AvgCyclomatic,AvgCyclomaticModified,AvgCyclomaticStrict,AvgEssential,AvgLine,AvgLineBlank,AvgLineCode,AvgLineComment,CountClassBase,CountClassCoupled,CountClassDerived,CountDeclClass,CountDeclClassMethod,CountDeclClassVariable,CountDeclFile,CountDeclFileCode,CountDeclFileHeader,CountDeclFunction,CountDeclInstanceMethod,CountDeclInstanceVariable,CountDeclInstanceVariablePrivate,CountDeclInstanceVariableProtected,CountDeclInstanceVariablePublic,CountDeclMethod,CountDeclMethodAll,CountDeclMethodConst,CountDeclMethodFriend,CountDeclMethodPrivate,CountDeclMethodProtected,CountDeclMethodPublic,CountInput,CountLine,CountLineBlank,CountLineCode,CountLineCodeDecl,CountLineCodeExe,CountLineComment,CountLineInactive,CountLinePreprocessor,CountOutput,CountPath,CountPathLog,CountSemicolon,CountStmt,CountStmtDecl,CountStmtEmpty,CountStmtExe,Cyclomatic,CyclomaticModified,CyclomaticStrict,Essential,Knots,MaxCyclomatic,MaxCyclomaticModified,MaxCyclomaticStrict,MaxEssential,MaxEssentialKnots,MaxInheritanceTree,MaxNesting,MinEssentialKnots,PercentLackOfCohesion,RatioCommentToCode,SumCyclomatic,SumCyclomaticModified,SumCyclomaticStrict,SumEssential
Struct Template,"nlohmann::adl_serializer",0,1,0,1,17,18,1,1,1,1,1,0,1,0,0,0,0,,2,0,,,,,0,0,0,0,0,2,2,0,0,0,0,2,,36,1,17,1,0,18,0,0,,,,,4,4,0,0,,,,,,1,1,1,1,,0,0,,0,1.06,2,2,2,2
Public Static Function Template,"nlohmann::adl_serializer::from_json(BasicJsonType &&,ValueType &)",,,,0,1,0,,,,,,,,,,,,,,,,,,,,,,,,,,,,,,,0,1,0,1,0,0,0,0,0,1,1,0,0,0,0,0,0,1,1,1,1,0,,,,,0,,0,0,,0.00,,,,
Public Static Function Template,"nlohmann::adl_serializer::to_json(BasicJsonType &,ValueType &&)",,,,0,1,0,,,,,,,,,,,,,,,,,,,,,,,,,,,,,,,0,1,0,1,0,0,0,0,0,1,1,0,0,0,0,0,0,1,1,1,1,0,,,,,0,,0,0,,0.00,,,,
Class Template,"nlohmann::basic_json",0,2,0,555,2800,5178,1,1,1,1,2,0,2,0,0,19,0,,33,0,,,,,12,1,0,0,1,45,45,6,11,3,0,42,,8509,555,2757,88,42,5178,25,27,,,,,145,145,0,0,,,,,,1,1,1,1,,0,0,,100,1.88,45,45,45,45
Private Const Function,"nlohmann::basic_json::assert_invariant()",,,,0,1,0,,,,,,,,,,,,,,,,,,,,,,,,,,,,,,,0,1,0,1,1,0,0,0,0,0,1,0,0,0,0,0,0,1,1,1,1,0,,,,,0,,0,0,,0.00,,,,
Public Function,"nlohmann::basic_json::at(const nlohmann::basic_json::json_pointer &)",,,,0,1,0,,,,,,,,,,,,,,,,,,,,,,,,,,,,,,,0,1,0,1,1,0,0,0,0,1,1,0,0,0,0,0,0,1,1,1,1,0,,,,,0,,0,0,,0.00,,,,
Public Const Function,"nlohmann::basic_json::at(const nlohmann::basic_json::json_pointer &)",,,,0,1,0,,,,,,,,,,,,,,,,,,,,,,,,,,,,,,,0,1,0,1,1,0,0,0,0,1,1,0,0,0,0,0,0,1,1,1,1,0,,,,,0,,0,0,,0.00,,,,
Public Function Template,"nlohmann::basic_json::basic_json(CompatibleType &&)",,,,0,3,0,,,,,,,,,,,,,,,,,,,,,,,,,,,,,,,0,3,0,3,3,0,0,0,0,0,1,0,0,0,0,0,0,1,1,1,1,0,,,,,0,,0,0,,0.00,,,,
Public Function,"nlohmann::basic_json::basic_json(const nlohmann::basic_json::value_t)",,,,0,1,0,,,,,,,,,,,,,,,,,,,,,,,,,,,,,,,0,1,0,1,1,0,0,0,0,0,1,0,0,0,0,0,0,1,1,1,1,0,,,,,0,,0,0,,0.00,,,,
Public Function,"nlohmann::basic_json::basic_json(int)",,,,0,1,0,,,,,,,,,,,,,,,,,,,,,,,,,,,,,,,0,1,0,1,1,0,0,0,0,0,1,0,0,0,0,0,0,1,1,1,1,0,,,,,0,,0,0,,0.00,,,,
Private Static Function Template,"nlohmann::basic_json::create(Args &&...)",,,,0,2,0,,,,,,,,,,,,,,,,,,,,,,,,,,,,,,,0,2,0,2,1,0,0,0,0,1,1,0,0,0,0,0,0,1,1,1,1,0,,,,,0,,0,0,,0.00,,,,
Public Static Function,"nlohmann::basic_json::diff(const basic_json<ObjectType, ArrayType, StringType, BooleanType, NumberIntegerType, NumberUnsignedType, NumberFloatType, AllocatorType, JSONSerializer, BinaryType> &,const basic_json<ObjectType, ArrayType, StringType, BooleanType, NumberIntegerType, NumberUnsignedType, NumberFloatType, AllocatorType, JSONSerializer, BinaryType> &,const int &)",,,,0,3,0,,,,,,,,,,,,,,,,,,,,,,,,,,,,,,,0,3,0,3,2,0,0,0,0,1,1,0,0,0,0,0,0,1,1,1,1,0,,,,,0,,0,0,,0.00,,,,
Public Const Function,"nlohmann::basic_json::flatten()",,,,0,1,0,,,,,,,,,,,,,,,,,,,,,,,,,,,,,,,0,1,0,1,1,0,0,0,0,1,1,0,0,0,0,0,0,1,1,1,1,0,,,,,0,,0,0,,0.00,,,,
Public Static Function Template,"nlohmann::basic_json::from_bson(InputType &&,const bool,const bool)",,,,0,4,0,,,,,,,,,,,,,,,,,,,,,,,,,,,,,,,0,4,0,4,3,2,0,0,0,1,1,0,0,0,0,0,0,1,1,1,1,0,,,,,0,,0,0,,0.00,,,,
Public Static Function Template,"nlohmann::basic_json::from_bson(IteratorType,IteratorType,const bool,const bool)",,,,0,4,0,,,,,,,,,,,,,,,,,,,,,,,,,,,,,,,0,4,0,4,3,2,0,0,0,1,1,0,0,0,0,0,0,1,1,1,1,0,,,,,0,,0,0,,0.00,,,,
Public Static Function Template,"nlohmann::basic_json::from_bson(const T *,int,const bool,const bool)",,,,0,5,0,,,,,,,,,,,,,,,,,,,,,,,,,,,,,,,0,5,0,5,3,2,0,0,0,1,1,0,0,0,0,0,0,1,1,1,1,0,,,,,0,,0,0,,0.00,,,,
Public Static Function,"nlohmann::basic_json::from_bson(int &&,const bool,const bool)",,,,0,5,0,,,,,,,,,,,,,,,,,,,,,,,,,,,,,,,0,5,0,5,3,2,0,0,0,1,1,0,0,0,0,0,0,1,1,1,1,0,,,,,0,,0,0,,0.00,,,,
Public Static Function Template,"nlohmann::basic_json::from_cbor(InputType &&,const bool,const bool,const nlohmann::basic_json::cbor_tag_handler_t)",,,,0,5,0,,,,,,,,,,,,,,,,,,,,,,,,,,,,,,,0,5,0,5,4,3,0,0,0,1,1,0,0,0,0,0,0,1,1,1,1,0,,,,,0,,0,0,,0.00,,,,
Public Static Function Template,"nlohmann::basic_json::from_cbor(IteratorType,IteratorType,const bool,const bool,const nlohmann::basic_json::cbor_tag_handler_t)",,,,0,5,0,,,,,,,,,,,,,,,,,,,,,,,,,,,,,,,0,5,0,5,4,3,0,0,0,1,1,0,0,0,0,0,0,1,1,1,1,0,,,,,0,,0,0,,0.00,,,,
Public Static Function Template,"nlohmann::basic_json::from_cbor(const T *,int,const bool,const bool,const nlohmann::basic_json::cbor_tag_handler_t)",,,,0,6,0,,,,,,,,,,,,,,,,,,,,,,,,,,,,,,,0,6,0,6,4,3,0,0,0,1,1,0,0,0,0,0,0,1,1,1,1,0,,,,,0,,0,0,,0.00,,,,
Public Static Function,"nlohmann::basic_json::from_cbor(int &&,const bool,const bool,const nlohmann::basic_json::cbor_tag_handler_t)",,,,0,6,0,,,,,,,,,,,,,,,,,,,,,,,,,,,,,,,0,6,0,6,4,3,0,0,0,1,1,0,0,0,0,0,0,1,1,1,1,0,,,,,0,,0,0,,0.00,,,,
Public Static Function Template,"nlohmann::basic_json::from_msgpack(InputType &&,const bool,const bool)",,,,0,4,0,,,,,,,,,,,,,,,,,,,,,,,,,,,,,,,0,4,0,4,3,2,0,0,0,1,1,0,0,0,0,0,0,1,1,1,1,0,,,,,0,,0,0,,0.00,,,,
Public Static Function Template,"nlohmann::basic_json::from_msgpack(IteratorType,IteratorType,const bool,const bool)",,,,0,4,0,,,,,,,,,,,,,,,,,,,,,,,,,,,,,,,0,4,0,4,3,2,0,0,0,1,1,0,0,0,0,0,0,1,1,1,1,0,,,,,0,,0,0,,0.00,,,,
Public Static Function Template,"nlohmann::basic_json::from_msgpack(const T *,int,const bool,const bool)",,,,0,5,0,,,,,,,,,,,,,,,,,,,,,,,,,,,,,,,0,5,0,5,3,2,0,0,0,1,1,0,0,0,0,0,0,1,1,1,1,0,,,,,0,,0,0,,0.00,,,,
Public Static Function,"nlohmann::basic_json::from_msgpack(int &&,const bool,const bool)",,,,0,5,0,,,,,,,,,,,,,,,,,,,,,,,,,,,,,,,0,5,0,5,3,2,0,0,0,1,1,0,0,0,0,0,0,1,1,1,1,0,,,,,0,,0,0,,0.00,,,,
Public Static Function Template,"nlohmann::basic_json::from_ubjson(InputType &&,const bool,const bool)",,,,0,4,0,,,,,,,,,,,,,,,,,,,,,,,,,,,,,,,0,4,0,4,3,2,0,0,0,1,1,0,0,0,0,0,0,1,1,1,1,0,,,,,0,,0,0,,0.00,,,,
Public Static Function Template,"nlohmann::basic_json::from_ubjson(IteratorType,IteratorType,const bool,const bool)",,,,0,4,0,,,,,,,,,,,,,,,,,,,,,,,,,,,,,,,0,4,0,4,3,2,0,0,0,1,1,0,0,0,0,0,0,1,1,1,1,0,,,,,0,,0,0,,0.00,,,,
Public Static Function Template,"nlohmann::basic_json::from_ubjson(const T *,int,const bool,const bool)",,,,0,5,0,,,,,,,,,,,,,,,,,,,,,,,,,,,,,,,0,5,0,5,3,2,0,0,0,1,1,0,0,0,0,0,0,1,1,1,1,0,,,,,0,,0,0,,0.00,,,,
Public Static Function,"nlohmann::basic_json::from_ubjson(int &&,const bool,const bool)",,,,0,5,0,,,,,,,,,,,,,,,,,,,,,,,,,,,,,,,0,5,0,5,3,2,0,0,0,1,1,0,0,0,0,0,0,1,1,1,1,0,,,,,0,,0,0,,0.00,,,,
Public Static Function,"nlohmann::basic_json::get_allocator()",,,,0,1,0,,,,,,,,,,,,,,,,,,,,,,,,,,,,,,,0,1,0,1,1,0,0,0,0,1,1,0,0,0,0,0,0,1,1,1,1,0,,,,,0,,0,0,,0.00,,,,
Union,"nlohmann::basic_json::json_value",0,1,0,32,187,34,1,1,1,1,1,0,1,0,0,1,0,,0,0,,,,,17,7,0,0,7,17,17,0,0,0,0,17,,250,32,187,17,0,34,0,0,,,,,25,25,0,0,,,,,,1,1,1,1,,0,0,,100,0.18,16,16,16,16
Public Function,"nlohmann::basic_json::json_value::destroy(nlohmann::basic_json::value_t)",,,,0,1,0,,,,,,,,,,,,,,,,,,,,,,,,,,,,,,,0,1,0,1,1,0,0,0,0,0,1,0,0,0,0,0,0,1,1,1,1,0,,,,,0,,0,0,,0.00,,,,
Public Function,"nlohmann::basic_json::json_value::json_value(const int &)",,,,0,1,0,,,,,,,,,,,,,,,,,,,,,,,,,,,,,,,0,1,0,1,1,0,0,0,0,0,1,0,0,0,0,0,0,1,1,1,1,0,,,,,0,,0,0,,0.00,,,,
Public Function,"nlohmann::basic_json::json_value::json_value(const nlohmann::basic_json::array_t &)",,,,0,1,0,,,,,,,,,,,,,,,,,,,,,,,,,,,,,,,0,1,0,1,1,0,0,0,0,0,1,0,0,0,0,0,0,1,1,1,1,0,,,,,0,,0,0,,0.00,,,,
Public Function,"nlohmann::basic_json::json_value::json_value(const nlohmann::basic_json::binary_t &)",,,,0,1,0,,,,,,,,,,,,,,,,,,,,,,,,,,,,,,,0,1,0,1,1,0,0,0,0,0,1,0,0,0,0,0,0,1,1,1,1,0,,,,,0,,0,0,,0.00,,,,
Public Function,"nlohmann::basic_json::json_value::json_value(const nlohmann::basic_json::string_t &)",,,,0,1,0,,,,,,,,,,,,,,,,,,,,,,,,,,,,,,,0,1,0,1,1,0,0,0,0,0,1,0,0,0,0,0,0,1,1,1,1,0,,,,,0,,0,0,,0.00,,,,
Public Function,"nlohmann::basic_json::json_value::json_value(const typename binary_t::container_type &)",,,,0,1,0,,,,,,,,,,,,,,,,,,,,,,,,,,,,,,,0,1,0,1,1,0,0,0,0,0,1,0,0,0,0,0,0,1,1,1,1,0,,,,,0,,0,0,,0.00,,,,
Public Function,"nlohmann::basic_json::json_value::json_value(int &&)",,,,0,1,0,,,,,,,,,,,,,,,,,,,,,,,,,,,,,,,0,1,0,1,1,0,0,0,0,0,1,0,0,0,0,0,0,1,1,1,1,0,,,,,0,,0,0,,0.00,,,,
Public Function,"nlohmann::basic_json::json_value::json_value(nlohmann::basic_json::array_t &&)",,,,0,1,0,,,,,,,,,,,,,,,,,,,,,,,,,,,,,,,0,1,0,1,1,0,0,0,0,0,1,0,0,0,0,0,0,1,1,1,1,0,,,,,0,,0,0,,0.00,,,,
Public Function,"nlohmann::basic_json::json_value::json_value(nlohmann::basic_json::binary_t &&)",,,,0,1,0,,,,,,,,,,,,,,,,,,,,,,,,,,,,,,,0,1,0,1,1,0,0,0,0,0,1,0,0,0,0,0,0,1,1,1,1,0,,,,,0,,0,0,,0.00,,,,
Public Function,"nlohmann::basic_json::json_value::json_value(nlohmann::basic_json::boolean_t)",,,,0,1,0,,,,,,,,,,,,,,,,,,,,,,,,,,,,,,,0,1,0,1,1,0,0,0,0,0,1,0,0,0,0,0,0,1,1,1,1,0,,,,,0,,0,0,,0.00,,,,
Public Function,"nlohmann::basic_json::json_value::json_value(nlohmann::basic_json::number_float_t)",,,,0,1,0,,,,,,,,,,,,,,,,,,,,,,,,,,,,,,,0,1,0,1,1,0,0,0,0,0,1,0,0,0,0,0,0,1,1,1,1,0,,,,,0,,0,0,,0.00,,,,
Public Function,"nlohmann::basic_json::json_value::json_value(nlohmann::basic_json::number_integer_t)",,,,0,1,0,,,,,,,,,,,,,,,,,,,,,,,,,,,,,,,0,1,0,1,1,0,0,0,0,0,1,0,0,0,0,0,0,1,1,1,1,0,,,,,0,,0,0,,0.00,,,,
Public Function,"nlohmann::basic_json::json_value::json_value(nlohmann::basic_json::number_unsigned_t)",,,,0,1,0,,,,,,,,,,,,,,,,,,,,,,,,,,,,,,,0,1,0,1,1,0,0,0,0,0,1,0,0,0,0,0,0,1,1,1,1,0,,,,,0,,0,0,,0.00,,,,
Public Function,"nlohmann::basic_json::json_value::json_value(nlohmann::basic_json::string_t &&)",,,,0,1,0,,,,,,,,,,,,,,,,,,,,,,,,,,,,,,,0,1,0,1,1,0,0,0,0,0,1,0,0,0,0,0,0,1,1,1,1,0,,,,,0,,0,0,,0.00,,,,
Public Function,"nlohmann::basic_json::json_value::json_value(nlohmann::basic_json::value_t)",,,,0,1,0,,,,,,,,,,,,,,,,,,,,,,,,,,,,,,,0,1,0,1,1,0,0,0,0,0,1,0,0,0,0,0,0,1,1,1,1,0,,,,,0,,0,0,,0.00,,,,
Public Function,"nlohmann::basic_json::json_value::json_value(typename binary_t::container_type &&)",,,,0,1,0,,,,,,,,,,,,,,,,,,,,,,,,,,,,,,,0,1,0,1,1,0,0,0,0,0,1,0,0,0,0,0,0,1,1,1,1,0,,,,,0,,0,0,,0.00,,,,
Public Function,"nlohmann::basic_json::merge_patch(const basic_json<ObjectType, ArrayType, StringType, BooleanType, NumberIntegerType, NumberUnsignedType, NumberFloatType, AllocatorType, JSONSerializer, BinaryType> &)",,,,0,1,0,,,,,,,,,,,,,,,,,,,,,,,,,,,,,,,0,1,0,1,1,0,0,0,0,0,1,0,0,0,0,0,0,1,1,1,1,0,,,,,0,,0,0,,0.00,,,,
Public Static Function,"nlohmann::basic_json::meta()",,,,0,2,0,,,,,,,,,,,,,,,,,,,,,,,,,,,,,,,0,2,0,2,1,0,0,0,0,1,1,0,0,0,0,0,0,1,1,1,1,0,,,,,0,,0,0,,0.00,,,,
Public Function,"nlohmann::basic_json::operator[](const nlohmann::basic_json::json_pointer &)",,,,0,1,0,,,,,,,,,,,,,,,,,,,,,,,,,,,,,,,0,1,0,1,1,0,0,0,0,1,1,0,0,0,0,0,0,1,1,1,1,0,,,,,0,,0,0,,0.00,,,,
Public Const Function,"nlohmann::basic_json::operator[](const nlohmann::basic_json::json_pointer &)",,,,0,1,0,,,,,,,,,,,,,,,,,,,,,,,,,,,,,,,0,1,0,1,1,0,0,0,0,1,1,0,0,0,0,0,0,1,1,1,1,0,,,,,0,,0,0,,0.00,,,,
Private Static Function Template,"nlohmann::basic_json::parser(InputAdapterType,int,const bool,const bool)",,,,0,6,0,,,,,,,,,,,,,,,,,,,,,,,,,,,,,,,0,6,0,6,6,2,0,0,0,1,1,0,0,0,0,0,0,1,1,1,1,0,,,,,0,,0,0,,0.00,,,,
Public Const Function,"nlohmann::basic_json::patch(const basic_json<ObjectType, ArrayType, StringType, BooleanType, NumberIntegerType, NumberUnsignedType, NumberFloatType, AllocatorType, JSONSerializer, BinaryType> &)",,,,0,1,0,,,,,,,,,,,,,,,,,,,,,,,,,,,,,,,0,1,0,1,1,0,0,0,0,1,1,0,0,0,0,0,0,1,1,1,1,0,,,,,0,,0,0,,0.00,,,,
Public Static Function,"nlohmann::basic_json::to_bson(const basic_json<ObjectType, ArrayType, StringType, BooleanType, NumberIntegerType, NumberUnsignedType, NumberFloatType, AllocatorType, JSONSerializer, BinaryType> &)",,,,0,1,0,,,,,,,,,,,,,,,,,,,,,,,,,,,,,,,0,1,0,1,0,0,0,0,0,1,1,0,0,0,0,0,0,1,1,1,1,0,,,,,0,,0,0,,0.00,,,,
Public Static Function,"nlohmann::basic_json::to_bson(const basic_json<ObjectType, ArrayType, StringType, BooleanType, NumberIntegerType, NumberUnsignedType, NumberFloatType, AllocatorType, JSONSerializer, BinaryType> &,int)",,,,0,1,0,,,,,,,,,,,,,,,,,,,,,,,,,,,,,,,0,1,0,1,1,0,0,0,0,0,1,0,0,0,0,0,0,1,1,1,1,0,,,,,0,,0,0,,0.00,,,,
Public Static Function,"nlohmann::basic_json::to_bson(const basic_json<ObjectType, ArrayType, StringType, BooleanType, NumberIntegerType, NumberUnsignedType, NumberFloatType, AllocatorType, JSONSerializer, BinaryType> &,int)",,,,0,1,0,,,,,,,,,,,,,,,,,,,,,,,,,,,,,,,0,1,0,1,1,0,0,0,0,0,1,0,0,0,0,0,0,1,1,1,1,0,,,,,0,,0,0,,0.00,,,,
Public Static Function,"nlohmann::basic_json::to_cbor(const basic_json<ObjectType, ArrayType, StringType, BooleanType, NumberIntegerType, NumberUnsignedType, NumberFloatType, AllocatorType, JSONSerializer, BinaryType> &)",,,,0,1,0,,,,,,,,,,,,,,,,,,,,,,,,,,,,,,,0,1,0,1,0,0,0,0,0,1,1,0,0,0,0,0,0,1,1,1,1,0,,,,,0,,0,0,,0.00,,,,
Public Static Function,"nlohmann::basic_json::to_cbor(const basic_json<ObjectType, ArrayType, StringType, BooleanType, NumberIntegerType, NumberUnsignedType, NumberFloatType, AllocatorType, JSONSerializer, BinaryType> &,int)",,,,0,1,0,,,,,,,,,,,,,,,,,,,,,,,,,,,,,,,0,1,0,1,1,0,0,0,0,0,1,0,0,0,0,0,0,1,1,1,1,0,,,,,0,,0,0,,0.00,,,,
Public Static Function,"nlohmann::basic_json::to_cbor(const basic_json<ObjectType, ArrayType, StringType, BooleanType, NumberIntegerType, NumberUnsignedType, NumberFloatType, AllocatorType, JSONSerializer, BinaryType> &,int)",,,,0,1,0,,,,,,,,,,,,,,,,,,,,,,,,,,,,,,,0,1,0,1,1,0,0,0,0,0,1,0,0,0,0,0,0,1,1,1,1,0,,,,,0,,0,0,,0.00,,,,
Public Static Function,"nlohmann::basic_json::to_msgpack(const basic_json<ObjectType, ArrayType, StringType, BooleanType, NumberIntegerType, NumberUnsignedType, NumberFloatType, AllocatorType, JSONSerializer, BinaryType> &)",,,,0,1,0,,,,,,,,,,,,,,,,,,,,,,,,,,,,,,,0,1,0,1,0,0,0,0,0,1,1,0,0,0,0,0,0,1,1,1,1,0,,,,,0,,0,0,,0.00,,,,
Public Static Function,"nlohmann::basic_json::to_msgpack(const basic_json<ObjectType, ArrayType, StringType, BooleanType, NumberIntegerType, NumberUnsignedType, NumberFloatType, AllocatorType, JSONSerializer, BinaryType> &,int)",,,,0,1,0,,,,,,,,,,,,,,,,,,,,,,,,,,,,,,,0,1,0,1,1,0,0,0,0,0,1,0,0,0,0,0,0,1,1,1,1,0,,,,,0,,0,0,,0.00,,,,
Public Static Function,"nlohmann::basic_json::to_msgpack(const basic_json<ObjectType, ArrayType, StringType, BooleanType, NumberIntegerType, NumberUnsignedType, NumberFloatType, AllocatorType, JSONSerializer, BinaryType> &,int)",,,,0,1,0,,,,,,,,,,,,,,,,,,,,,,,,,,,,,,,0,1,0,1,1,0,0,0,0,0,1,0,0,0,0,0,0,1,1,1,1,0,,,,,0,,0,0,,0.00,,,,
Public Static Function,"nlohmann::basic_json::to_ubjson(const basic_json<ObjectType, ArrayType, StringType, BooleanType, NumberIntegerType, NumberUnsignedType, NumberFloatType, AllocatorType, JSONSerializer, BinaryType> &,const bool,const bool)",,,,0,3,0,,,,,,,,,,,,,,,,,,,,,,,,,,,,,,,0,3,0,3,0,2,0,0,0,1,1,0,0,0,0,0,0,1,1,1,1,0,,,,,0,,0,0,,0.00,,,,
Public Static Function,"nlohmann::basic_json::to_ubjson(const basic_json<ObjectType, ArrayType, StringType, BooleanType, NumberIntegerType, NumberUnsignedType, NumberFloatType, AllocatorType, JSONSerializer, BinaryType> &,int,const bool,const bool)",,,,0,2,0,,,,,,,,,,,,,,,,,,,,,,,,,,,,,,,0,2,0,2,2,1,0,0,0,0,1,0,0,0,0,0,0,1,1,1,1,0,,,,,0,,0,0,,0.00,,,,
Public Static Function,"nlohmann::basic_json::to_ubjson(const basic_json<ObjectType, ArrayType, StringType, BooleanType, NumberIntegerType, NumberUnsignedType, NumberFloatType, AllocatorType, JSONSerializer, BinaryType> &,int,const bool,const bool)",,,,0,2,0,,,,,,,,,,,,,,,,,,,,,,,,,,,,,,,0,2,0,2,2,1,0,0,0,0,1,0,0,0,0,0,0,1,1,1,1,0,,,,,0,,0,0,,0.00,,,,
Public Const Function,"nlohmann::basic_json::unflatten()",,,,0,1,0,,,,,,,,,,,,,,,,,,,,,,,,,,,,,,,0,1,0,1,1,0,0,0,0,1,1,0,0,0,0,0,0,1,1,1,1,0,,,,,0,,0,0,,0.00,,,,
Class Template,"nlohmann::byte_container_with_subtype",0,1,0,12,54,75,1,1,1,1,1,0,1,0,1,0,0,,0,0,,,,,11,1,1,0,0,11,11,4,0,0,0,11,,141,12,54,11,1,75,0,0,,,,,17,16,0,1,,,,,,1,1,1,1,,1,0,,90,1.39,11,11,11,11
Public Function,"nlohmann::byte_container_with_subtype::byte_container_with_subtype()",,,,0,1,0,,,,,,,,,,,,,,,,,,,,,,,,,,,,,,,0,1,0,1,1,0,0,0,0,0,1,0,0,0,0,0,0,1,1,1,1,0,,,,,0,,0,0,,0.00,,,,
Public Function,"nlohmann::byte_container_with_subtype::byte_container_with_subtype(const nlohmann::byte_container_with_subtype::container_type &)",,,,0,1,0,,,,,,,,,,,,,,,,,,,,,,,,,,,,,,,0,1,0,1,1,0,0,0,0,0,1,0,0,0,0,0,0,1,1,1,1,0,,,,,0,,0,0,,0.00,,,,
Public Function,"nlohmann::byte_container_with_subtype::byte_container_with_subtype(const nlohmann::byte_container_with_subtype::container_type &,int)",,,,0,1,0,,,,,,,,,,,,,,,,,,,,,,,,,,,,,,,0,1,0,1,1,0,0,0,0,0,1,0,0,0,0,0,0,1,1,1,1,0,,,,,0,,0,0,,0.00,,,,
Public Function,"nlohmann::byte_container_with_subtype::byte_container_with_subtype(nlohmann::byte_container_with_subtype::container_type &&)",,,,0,1,0,,,,,,,,,,,,,,,,,,,,,,,,,,,,,,,0,1,0,1,1,0,0,0,0,0,1,0,0,0,0,0,0,1,1,1,1,0,,,,,0,,0,0,,0.00,,,,
Public Function,"nlohmann::byte_container_with_subtype::byte_container_with_subtype(nlohmann::byte_container_with_subtype::container_type &&,int)",,,,0,1,0,,,,,,,,,,,,,,,,,,,,,,,,,,,,,,,0,1,0,1,1,0,0,0,0,0,1,0,0,0,0,0,0,1,1,1,1,0,,,,,0,,0,0,,0.00,,,,
Public Function,"nlohmann::byte_container_with_subtype::clear_subtype()",,,,0,1,0,,,,,,,,,,,,,,,,,,,,,,,,,,,,,,,0,1,0,1,1,0,0,0,0,0,1,0,0,0,0,0,0,1,1,1,1,0,,,,,0,,0,0,,0.00,,,,
Public Const Function,"nlohmann::byte_container_with_subtype::has_subtype()",,,,0,4,0,,,,,,,,,,,,,,,,,,,,,,,,,,,,,,,1,4,0,4,1,1,0,0,0,1,1,0,1,1,0,0,1,1,1,1,1,0,,,,,0,,0,0,,0.00,,,,
Public Const Function,"nlohmann::byte_container_with_subtype::operator!=(const byte_container_with_subtype<BinaryType> &)",,,,0,1,0,,,,,,,,,,,,,,,,,,,,,,,,,,,,,,,0,1,0,1,1,0,0,0,0,1,1,0,0,0,0,0,0,1,1,1,1,0,,,,,0,,0,0,,0.00,,,,
Public Const Function,"nlohmann::byte_container_with_subtype::operator==(const byte_container_with_subtype<BinaryType> &)",,,,0,1,0,,,,,,,,,,,,,,,,,,,,,,,,,,,,,,,0,1,0,1,1,0,0,0,0,1,1,0,0,0,0,0,0,1,1,1,1,0,,,,,0,,0,0,,0.00,,,,
Public Function,"nlohmann::byte_container_with_subtype::set_subtype(int)",,,,0,1,0,,,,,,,,,,,,,,,,,,,,,,,,,,,,,,,0,1,0,1,1,0,0,0,0,0,1,0,0,0,0,0,0,1,1,1,1,0,,,,,0,,0,0,,0.00,,,,
Public Const Function,"nlohmann::byte_container_with_subtype::subtype()",,,,0,4,0,,,,,,,,,,,,,,,,,,,,,,,,,,,,,,,0,4,0,4,0,0,0,0,0,1,1,0,1,0,0,0,0,1,1,1,1,0,,,,,0,,0,0,,0.00,,,,
Class Template,"nlohmann::detail::binary_reader",0,1,0,236,1855,443,1,1,1,1,1,0,1,0,0,0,0,,0,0,,,,,40,3,3,0,0,40,40,3,0,33,0,7,,2403,236,1855,43,4,443,0,0,,,,,60,60,0,0,,,,,,1,1,1,1,,0,0,,100,0.24,35,35,35,35
Explicit Public Function,"nlohmann::detail::binary_reader::binary_reader(InputAdapterType &&)",,,,0,1,0,,,,,,,,,,,,,,,,,,,,,,,,,,,,,,,0,1,0,1,1,0,0,0,0,0,1,0,0,0,0,0,0,1,1,1,1,0,,,,,0,,0,0,,0.00,,,,
Private Const Function,"nlohmann::detail::binary_reader::exception_message(const nlohmann::detail::input_format_t,const int &,const int &)",,,,0,3,0,,,,,,,,,,,,,,,,,,,,,,,,,,,,,,,0,3,0,3,0,0,0,0,0,1,1,0,0,0,0,0,0,1,1,1,1,0,,,,,0,,0,0,,0.00,,,,
Private Function,"nlohmann::detail::binary_reader::get()",,,,0,1,0,,,,,,,,,,,,,,,,,,,,,,,,,,,,,,,0,1,0,1,0,0,0,0,0,1,1,0,0,0,0,0,0,1,1,1,1,0,,,,,0,,0,0,,0.00,,,,
Private Function Template,"nlohmann::detail::binary_reader::get_binary(const nlohmann::detail::input_format_t,const NumberType,nlohmann::detail::binary_reader::binary_t &)",,,,0,3,0,,,,,,,,,,,,,,,,,,,,,,,,,,,,,,,0,3,0,3,3,0,0,0,0,1,1,0,0,0,0,0,0,1,1,1,1,0,,,,,0,,0,0,,0.00,,,,
Private Function Template,"nlohmann::detail::binary_reader::get_bson_binary(const NumberType,nlohmann::detail::binary_reader::binary_t &)",,,,0,1,0,,,,,,,,,,,,,,,,,,,,,,,,,,,,,,,0,1,0,1,1,0,0,0,0,1,1,0,0,0,0,0,0,1,1,1,1,0,,,,,0,,0,0,,0.00,,,,
Private Function,"nlohmann::detail::binary_reader::get_bson_cstr(nlohmann::detail::binary_reader::string_t &)",,,,0,1,0,,,,,,,,,,,,,,,,,,,,,,,,,,,,,,,0,1,0,1,1,0,0,0,0,1,1,0,0,0,0,0,0,1,1,1,1,0,,,,,0,,0,0,,0.00,,,,
Private Function Template,"nlohmann::detail::binary_reader::get_bson_string(const NumberType,nlohmann::detail::binary_reader::string_t &)",,,,0,1,0,,,,,,,,,,,,,,,,,,,,,,,,,,,,,,,0,1,0,1,1,0,0,0,0,1,1,0,0,0,0,0,0,1,1,1,1,0,,,,,0,,0,0,,0.00,,,,
Private Function,"nlohmann::detail::binary_reader::get_cbor_array(const int,const nlohmann::detail::cbor_tag_handler_t)",,,,0,2,0,,,,,,,,,,,,,,,,,,,,,,,,,,,,,,,0,2,0,2,2,0,0,0,0,1,1,0,0,0,0,0,0,1,1,1,1,0,,,,,0,,0,0,,0.00,,,,
Private Function,"nlohmann::detail::binary_reader::get_cbor_binary(nlohmann::detail::binary_reader::binary_t &)",,,,0,1,0,,,,,,,,,,,,,,,,,,,,,,,,,,,,,,,0,1,0,1,1,0,0,0,0,1,1,0,0,0,0,0,0,1,1,1,1,0,,,,,0,,0,0,,0.00,,,,
Private Function,"nlohmann::detail::binary_reader::get_cbor_object(const int,const nlohmann::detail::cbor_tag_handler_t)",,,,0,2,0,,,,,,,,,,,,,,,,,,,,,,,,,,,,,,,0,2,0,2,2,0,0,0,0,1,1,0,0,0,0,0,0,1,1,1,1,0,,,,,0,,0,0,,0.00,,,,
Private Function,"nlohmann::detail::binary_reader::get_cbor_string(nlohmann::detail::binary_reader::string_t &)",,,,0,1,0,,,,,,,,,,,,,,,,,,,,,,,,,,,,,,,0,1,0,1,1,0,0,0,0,1,1,0,0,0,0,0,0,1,1,1,1,0,,,,,0,,0,0,,0.00,,,,
Private Function,"nlohmann::detail::binary_reader::get_ignore_noop()",,,,0,1,0,,,,,,,,,,,,,,,,,,,,,,,,,,,,,,,0,1,0,1,0,0,0,0,0,1,1,0,0,0,0,0,0,1,1,1,1,0,,,,,0,,0,0,,0.00,,,,
Private Function,"nlohmann::detail::binary_reader::get_msgpack_array(const int)",,,,0,1,0,,,,,,,,,,,,,,,,,,,,,,,,,,,,,,,0,1,0,1,1,0,0,0,0,1,1,0,0,0,0,0,0,1,1,1,1,0,,,,,0,,0,0,,0.00,,,,
Private Function,"nlohmann::detail::binary_reader::get_msgpack_binary(nlohmann::detail::binary_reader::binary_t &)",,,,0,1,0,,,,,,,,,,,,,,,,,,,,,,,,,,,,,,,0,1,0,1,1,0,0,0,0,1,1,0,0,0,0,0,0,1,1,1,1,0,,,,,0,,0,0,,0.00,,,,
Private Function,"nlohmann::detail::binary_reader::get_msgpack_object(const int)",,,,0,1,0,,,,,,,,,,,,,,,,,,,,,,,,,,,,,,,0,1,0,1,1,0,0,0,0,1,1,0,0,0,0,0,0,1,1,1,1,0,,,,,0,,0,0,,0.00,,,,
Private Function,"nlohmann::detail::binary_reader::get_msgpack_string(nlohmann::detail::binary_reader::string_t &)",,,,0,1,0,,,,,,,,,,,,,,,,,,,,,,,,,,,,,,,0,1,0,1,1,0,0,0,0,1,1,0,0,0,0,0,0,1,1,1,1,0,,,,,0,,0,0,,0.00,,,,
Private Function Template,"nlohmann::detail::binary_reader::get_number(const nlohmann::detail::input_format_t,NumberType &)",,,,0,1,0,,,,,,,,,,,,,,,,,,,,,,,,,,,,,,,0,1,0,1,1,0,0,0,0,1,1,0,0,0,0,0,0,1,1,1,1,0,,,,,0,,0,0,,0.00,,,,
Private Function Template,"nlohmann::detail::binary_reader::get_string(const nlohmann::detail::input_format_t,const NumberType,nlohmann::detail::binary_reader::string_t &)",,,,0,3,0,,,,,,,,,,,,,,,,,,,,,,,,,,,,,,,0,3,0,3,3,0,0,0,0,1,1,0,0,0,0,0,0,1,1,1,1,0,,,,,0,,0,0,,0.00,,,,
Private Const Function,"nlohmann::detail::binary_reader::get_token_string()",,,,0,1,0,,,,,,,,,,,,,,,,,,,,,,,,,,,,,,,0,1,0,1,0,0,0,0,0,1,1,0,0,0,0,0,0,1,1,1,1,0,,,,,0,,0,0,,0.00,,,,
Private Function,"nlohmann::detail::binary_reader::get_ubjson_array()",,,,0,1,0,,,,,,,,,,,,,,,,,,,,,,,,,,,,,,,0,1,0,1,1,0,0,0,0,1,1,0,0,0,0,0,0,1,1,1,1,0,,,,,0,,0,0,,0.00,,,,
Private Function,"nlohmann::detail::binary_reader::get_ubjson_high_precision_number()",,,,0,1,0,,,,,,,,,,,,,,,,,,,,,,,,,,,,,,,0,1,0,1,1,0,0,0,0,1,1,0,0,0,0,0,0,1,1,1,1,0,,,,,0,,0,0,,0.00,,,,
Private Function,"nlohmann::detail::binary_reader::get_ubjson_object()",,,,0,1,0,,,,,,,,,,,,,,,,,,,,,,,,,,,,,,,0,1,0,1,1,0,0,0,0,1,1,0,0,0,0,0,0,1,1,1,1,0,,,,,0,,0,0,,0.00,,,,
Private Function,"nlohmann::detail::binary_reader::get_ubjson_size_type(int &)",,,,0,1,0,,,,,,,,,,,,,,,,,,,,,,,,,,,,,,,0,1,0,1,1,0,0,0,0,1,1,0,0,0,0,0,0,1,1,1,1,0,,,,,0,,0,0,,0.00,,,,
Private Function,"nlohmann::detail::binary_reader::get_ubjson_size_value(int &)",,,,0,1,0,,,,,,,,,,,,,,,,,,,,,,,,,,,,,,,0,1,0,1,1,0,0,0,0,1,1,0,0,0,0,0,0,1,1,1,1,0,,,,,0,,0,0,,0.00,,,,
Private Function,"nlohmann::detail::binary_reader::get_ubjson_string(nlohmann::detail::binary_reader::string_t &,const bool)",,,,0,1,0,,,,,,,,,,,,,,,,,,,,,,,,,,,,,,,0,1,0,1,1,1,0,0,0,1,1,0,0,0,0,0,0,1,1,1,1,0,,,,,0,,0,0,,0.00,,,,
Private Function,"nlohmann::detail::binary_reader::get_ubjson_value(const int)",,,,0,1,0,,,,,,,,,,,,,,,,,,,,,,,,,,,,,,,0,1,0,1,1,0,0,0,0,1,1,0,0,0,0,0,0,1,1,1,1,0,,,,,0,,0,0,,0.00,,,,
Private Function,"nlohmann::detail::binary_reader::parse_bson_array()",,,,0,1,0,,,,,,,,,,,,,,,,,,,,,,,,,,,,,,,0,1,0,1,1,0,0,0,0,1,1,0,0,0,0,0,0,1,1,1,1,0,,,,,0,,0,0,,0.00,,,,
Private Function,"nlohmann::detail::binary_reader::parse_bson_element_internal(const int,const int)",,,,0,2,0,,,,,,,,,,,,,,,,,,,,,,,,,,,,,,,0,2,0,2,2,0,0,0,0,1,1,0,0,0,0,0,0,1,1,1,1,0,,,,,0,,0,0,,0.00,,,,
Private Function,"nlohmann::detail::binary_reader::parse_bson_element_list(const bool)",,,,0,1,0,,,,,,,,,,,,,,,,,,,,,,,,,,,,,,,0,1,0,1,1,0,0,0,0,1,1,0,0,0,0,0,0,1,1,1,1,0,,,,,0,,0,0,,0.00,,,,
Private Function,"nlohmann::detail::binary_reader::parse_bson_internal()",,,,0,1,0,,,,,,,,,,,,,,,,,,,,,,,,,,,,,,,0,1,0,1,1,0,0,0,0,1,1,0,0,0,0,0,0,1,1,1,1,0,,,,,0,,0,0,,0.00,,,,
Private Function,"nlohmann::detail::binary_reader::parse_cbor_internal(const bool,const nlohmann::detail::cbor_tag_handler_t)",,,,0,2,0,,,,,,,,,,,,,,,,,,,,,,,,,,,,,,,0,2,0,2,2,0,0,0,0,1,1,0,0,0,0,0,0,1,1,1,1,0,,,,,0,,0,0,,0.00,,,,
Private Function,"nlohmann::detail::binary_reader::parse_msgpack_internal()",,,,0,1,0,,,,,,,,,,,,,,,,,,,,,,,,,,,,,,,0,1,0,1,1,0,0,0,0,1,1,0,0,0,0,0,0,1,1,1,1,0,,,,,0,,0,0,,0.00,,,,
Private Function,"nlohmann::detail::binary_reader::parse_ubjson_internal(const bool)",,,,0,1,0,,,,,,,,,,,,,,,,,,,,,,,,,,,,,,,0,1,0,1,1,1,0,0,0,1,1,0,0,0,0,0,0,1,1,1,1,0,,,,,0,,0,0,,0.00,,,,
Public Function,"nlohmann::detail::binary_reader::sax_parse(const nlohmann::detail::input_format_t,nlohmann::detail::binary_reader::json_sax_t *,const bool,const nlohmann::detail::cbor_tag_handler_t)",,,,0,5,0,,,,,,,,,,,,,,,,,,,,,,,,,,,,,,,0,5,0,5,4,2,0,0,0,1,1,0,0,0,0,0,0,1,1,1,1,0,,,,,0,,0,0,,0.00,,,,
Private Const Function,"nlohmann::detail::binary_reader::unexpect_eof(const nlohmann::detail::input_format_t,const char *)",,,,0,2,0,,,,,,,,,,,,,,,,,,,,,,,,,,,,,,,0,2,0,2,1,0,0,0,0,1,1,0,0,0,0,0,0,1,1,1,1,0,,,,,0,,0,0,,0.00,,,,
Class Template,"nlohmann::detail::binary_writer",0,2,0,152,1213,251,1,1,1,1,2,0,2,0,0,0,0,,12,0,,,,,17,0,0,0,0,29,29,0,0,24,0,5,,1567,152,1213,33,5,251,0,0,,,,,39,35,0,4,,,,,,1,1,1,1,,0,0,,0,0.21,29,29,29,29
Explicit Public Function,"nlohmann::detail::binary_writer::binary_writer(int)",,,,0,1,0,,,,,,,,,,,,,,,,,,,,,,,,,,,,,,,0,1,0,1,1,0,0,0,0,0,1,0,0,0,0,0,0,1,1,1,1,0,,,,,0,,0,0,,0.00,,,,
Private Static Function,"nlohmann::detail::binary_writer::calc_bson_array_size(const typename BasicJsonType::array_t &)",,,,0,1,0,,,,,,,,,,,,,,,,,,,,,,,,,,,,,,,0,1,0,1,0,0,0,0,0,1,1,0,0,0,0,0,0,1,1,1,1,0,,,,,0,,0,0,,0.00,,,,
Private Static Function,"nlohmann::detail::binary_writer::calc_bson_binary_size(const typename BasicJsonType::binary_t &)",,,,0,1,0,,,,,,,,,,,,,,,,,,,,,,,,,,,,,,,0,1,0,1,0,0,0,0,0,1,1,0,0,0,0,0,0,1,1,1,1,0,,,,,0,,0,0,,0.00,,,,
Private Static Function,"nlohmann::detail::binary_writer::calc_bson_element_size(const nlohmann::detail::binary_writer::string_t &,const BasicJsonType &)",,,,0,2,0,,,,,,,,,,,,,,,,,,,,,,,,,,,,,,,0,2,0,2,0,0,0,0,0,1,1,0,0,0,0,0,0,1,1,1,1,0,,,,,0,,0,0,,0.00,,,,
Private Static Function,"nlohmann::detail::binary_writer::calc_bson_entry_header_size(const nlohmann::detail::binary_writer::string_t &)",,,,0,1,0,,,,,,,,,,,,,,,,,,,,,,,,,,,,,,,0,1,0,1,0,0,0,0,0,1,1,0,0,0,0,0,0,1,1,1,1,0,,,,,0,,0,0,,0.00,,,,
Private Static Function,"nlohmann::detail::binary_writer::calc_bson_integer_size(const int)",,,,0,1,0,,,,,,,,,,,,,,,,,,,,,,,,,,,,,,,0,1,0,1,0,0,0,0,0,1,1,0,0,0,0,0,0,1,1,1,1,0,,,,,0,,0,0,,0.00,,,,
Private Static Function,"nlohmann::detail::binary_writer::calc_bson_object_size(const typename BasicJsonType::object_t &)",,,,0,1,0,,,,,,,,,,,,,,,,,,,,,,,,,,,,,,,0,1,0,1,0,0,0,0,0,1,1,0,0,0,0,0,0,1,1,1,1,0,,,,,0,,0,0,,0.00,,,,
Private Static Function,"nlohmann::detail::binary_writer::calc_bson_string_size(const nlohmann::detail::binary_writer::string_t &)",,,,0,1,0,,,,,,,,,,,,,,,,,,,,,,,,,,,,,,,0,1,0,1,0,0,0,0,0,1,1,0,0,0,0,0,0,1,1,1,1,0,,,,,0,,0,0,,0.00,,,,
Private Static Function,"nlohmann::detail::binary_writer::calc_bson_unsigned_size(const int)",,,,0,6,0,,,,,,,,,,,,,,,,,,,,,,,,,,,,,,,0,6,0,6,0,0,0,0,0,1,1,0,1,0,0,0,0,1,1,1,1,0,,,,,0,,0,0,,0.00,,,,
Private Static Function,"nlohmann::detail::binary_writer::get_cbor_float_prefix(double)",,,,0,4,2,,,,,,,,,,,,,,,,,,,,,,,,,,,,,,,0,4,0,4,1,1,2,0,0,1,1,0,1,1,0,0,1,1,1,1,1,0,,,,,0,,0,0,,0.50,,,,
Private Static Function,"nlohmann::detail::binary_writer::get_cbor_float_prefix(float)",,,,0,4,2,,,,,,,,,,,,,,,,,,,,,,,,,,,,,,,0,4,0,4,1,1,2,0,0,1,1,0,1,1,0,0,1,1,1,1,1,0,,,,,0,,0,0,,0.50,,,,
Private Static Function,"nlohmann::detail::binary_writer::get_msgpack_float_prefix(double)",,,,0,4,2,,,,,,,,,,,,,,,,,,,,,,,,,,,,,,,0,4,0,4,1,1,2,0,0,1,1,0,1,1,0,0,1,1,1,1,1,0,,,,,0,,0,0,,0.50,,,,
Private Static Function,"nlohmann::detail::binary_writer::get_msgpack_float_prefix(float)",,,,0,4,2,,,,,,,,,,,,,,,,,,,,,,,,,,,,,,,0,4,0,4,1,1,2,0,0,1,1,0,1,1,0,0,1,1,1,1,1,0,,,,,0,,0,0,,0.50,,,,
Public Function,"nlohmann::detail::binary_writer::write_bson(const BasicJsonType &)",,,,0,1,0,,,,,,,,,,,,,,,,,,,,,,,,,,,,,,,0,1,0,1,1,0,0,0,0,0,1,0,0,0,0,0,0,1,1,1,1,0,,,,,0,,0,0,,0.00,,,,
Private Function,"nlohmann::detail::binary_writer::write_bson_array(const nlohmann::detail::binary_writer::string_t &,const typename BasicJsonType::array_t &)",,,,0,2,0,,,,,,,,,,,,,,,,,,,,,,,,,,,,,,,0,2,0,2,2,0,0,0,0,0,1,0,0,0,0,0,0,1,1,1,1,0,,,,,0,,0,0,,0.00,,,,
Private Function,"nlohmann::detail::binary_writer::write_bson_binary(const nlohmann::detail::binary_writer::string_t &,const nlohmann::detail::binary_writer::binary_t &)",,,,0,2,0,,,,,,,,,,,,,,,,,,,,,,,,,,,,,,,0,2,0,2,2,0,0,0,0,0,1,0,0,0,0,0,0,1,1,1,1,0,,,,,0,,0,0,,0.00,,,,
Private Function,"nlohmann::detail::binary_writer::write_bson_boolean(const nlohmann::detail::binary_writer::string_t &,const bool)",,,,0,2,0,,,,,,,,,,,,,,,,,,,,,,,,,,,,,,,0,2,0,2,2,0,0,0,0,0,1,0,0,0,0,0,0,1,1,1,1,0,,,,,0,,0,0,,0.00,,,,
Private Function,"nlohmann::detail::binary_writer::write_bson_double(const nlohmann::detail::binary_writer::string_t &,const double)",,,,0,2,0,,,,,,,,,,,,,,,,,,,,,,,,,,,,,,,0,2,0,2,2,0,0,0,0,0,1,0,0,0,0,0,0,1,1,1,1,0,,,,,0,,0,0,,0.00,,,,
Private Function,"nlohmann::detail::binary_writer::write_bson_element(const nlohmann::detail::binary_writer::string_t &,const BasicJsonType &)",,,,0,2,0,,,,,,,,,,,,,,,,,,,,,,,,,,,,,,,0,2,0,2,2,0,0,0,0,0,1,0,0,0,0,0,0,1,1,1,1,0,,,,,0,,0,0,,0.00,,,,
Private Function,"nlohmann::detail::binary_writer::write_bson_entry_header(const nlohmann::detail::binary_writer::string_t &,const int)",,,,0,2,0,,,,,,,,,,,,,,,,,,,,,,,,,,,,,,,0,2,0,2,2,0,0,0,0,0,1,0,0,0,0,0,0,1,1,1,1,0,,,,,0,,0,0,,0.00,,,,
Private Function,"nlohmann::detail::binary_writer::write_bson_integer(const nlohmann::detail::binary_writer::string_t &,const int)",,,,0,2,0,,,,,,,,,,,,,,,,,,,,,,,,,,,,,,,0,2,0,2,2,0,0,0,0,0,1,0,0,0,0,0,0,1,1,1,1,0,,,,,0,,0,0,,0.00,,,,
Private Function,"nlohmann::detail::binary_writer::write_bson_null(const nlohmann::detail::binary_writer::string_t &)",,,,0,1,0,,,,,,,,,,,,,,,,,,,,,,,,,,,,,,,0,1,0,1,1,0,0,0,0,0,1,0,0,0,0,0,0,1,1,1,1,0,,,,,0,,0,0,,0.00,,,,
Private Function,"nlohmann::detail::binary_writer::write_bson_object(const typename BasicJsonType::object_t &)",,,,0,1,0,,,,,,,,,,,,,,,,,,,,,,,,,,,,,,,0,1,0,1,1,0,0,0,0,0,1,0,0,0,0,0,0,1,1,1,1,0,,,,,0,,0,0,,0.00,,,,
Private Function,"nlohmann::detail::binary_writer::write_bson_object_entry(const nlohmann::detail::binary_writer::string_t &,const typename BasicJsonType::object_t &)",,,,0,2,0,,,,,,,,,,,,,,,,,,,,,,,,,,,,,,,0,2,0,2,2,0,0,0,0,0,1,0,0,0,0,0,0,1,1,1,1,0,,,,,0,,0,0,,0.00,,,,
Private Function,"nlohmann::detail::binary_writer::write_bson_string(const nlohmann::detail::binary_writer::string_t &,const nlohmann::detail::binary_writer::string_t &)",,,,0,2,0,,,,,,,,,,,,,,,,,,,,,,,,,,,,,,,0,2,0,2,2,0,0,0,0,0,1,0,0,0,0,0,0,1,1,1,1,0,,,,,0,,0,0,,0.00,,,,
Private Function,"nlohmann::detail::binary_writer::write_bson_unsigned(const nlohmann::detail::binary_writer::string_t &,const int)",,,,0,2,0,,,,,,,,,,,,,,,,,,,,,,,,,,,,,,,0,2,0,2,2,0,0,0,0,0,1,0,0,0,0,0,0,1,1,1,1,0,,,,,0,,0,0,,0.00,,,,
Public Function,"nlohmann::detail::binary_writer::write_cbor(const BasicJsonType &)",,,,0,1,0,,,,,,,,,,,,,,,,,,,,,,,,,,,,,,,0,1,0,1,1,0,0,0,0,0,1,0,0,0,0,0,0,1,1,1,1,0,,,,,0,,0,0,,0.00,,,,
Public Function,"nlohmann::detail::binary_writer::write_msgpack(const BasicJsonType &)",,,,0,1,0,,,,,,,,,,,,,,,,,,,,,,,,,,,,,,,0,1,0,1,1,0,0,0,0,0,1,0,0,0,0,0,0,1,1,1,1,0,,,,,0,,0,0,,0.00,,,,
Public Function,"nlohmann::detail::binary_writer::write_ubjson(const BasicJsonType &,const bool,const bool,const bool)",,,,0,2,0,,,,,,,,,,,,,,,,,,,,,,,,,,,,,,,0,2,0,2,2,1,0,0,0,0,1,0,0,0,0,0,0,1,1,1,1,0,,,,,0,,0,0,,0.00,,,,
Function,"nlohmann::detail::combine(int,int)",,,,0,5,0,,,,,,,,,,,,,,,,,,,,,,,,,,,,,,,0,5,0,5,0,0,0,0,0,1,1,0,2,0,0,0,0,1,1,1,1,0,,,,,0,,0,0,,0.00,,,,
Struct Template,"nlohmann::detail::conjunction",0,0,0,0,1,0,0,0,0,0,0,0,0,0,0,0,0,,0,0,,,,,0,0,0,0,0,0,0,0,0,0,0,0,,1,0,1,1,0,0,0,0,,,,,0,0,0,0,,,,,,0,0,0,0,,0,0,,0,0.00,0,0,0,0
Struct Template,"nlohmann::detail::conjunction<type-parameter-0-0, type-parameter-0-1...>",0,0,0,0,3,0,0,0,0,0,0,0,0,0,0,0,0,,0,0,,,,,0,0,0,0,0,0,0,0,0,0,0,0,,3,0,3,2,0,0,0,0,,,,,0,0,0,0,,,,,,0,0,0,0,,0,0,,0,0.00,0,0,0,0
Struct Template,"nlohmann::detail::conjunction<type-parameter-0-0>",0,0,0,0,1,0,0,0,0,0,0,0,0,0,1,0,0,,0,0,,,,,0,0,0,0,0,0,0,0,0,0,0,0,,1,0,1,1,0,0,0,0,,,,,0,0,0,0,,,,,,0,0,0,0,,1,0,,0,0.00,0,0,0,0
Struct Template,"nlohmann::detail::detector",0,0,0,0,5,0,0,0,0,0,0,0,0,0,0,0,0,,0,0,,,,,0,0,0,0,0,0,0,0,0,0,0,0,,5,0,5,1,0,0,0,0,,,,,1,1,0,0,,,,,,0,0,0,0,,0,0,,0,0.00,0,0,0,0
Function,"nlohmann::detail::dtoa_impl::append_exponent(char *,int)",,,,3,37,2,,,,,,,,,,,,,,,,,,,,,,,,,,,,,,,3,42,3,37,2,20,2,0,0,2,6,1,17,18,1,0,17,4,4,4,1,3,,,,,0,,1,0,,0.05,,,,
Struct,"nlohmann::detail::dtoa_impl::boundaries",0,0,0,0,6,0,0,0,0,0,0,0,0,0,0,0,0,,0,0,,,,,0,0,0,0,0,0,0,0,0,0,0,0,,6,0,6,1,0,0,0,0,,,,,3,3,0,0,,,,,,0,0,0,0,,0,0,,0,0.00,0,0,0,0
Struct,"nlohmann::detail::dtoa_impl::cached_power",0,0,0,0,6,1,0,0,0,0,0,0,0,0,0,0,0,,0,0,,,,,3,2,0,0,2,3,3,0,0,0,0,3,,6,0,6,1,0,1,0,0,,,,,6,6,0,0,,,,,,0,0,0,0,,0,0,,100,0.17,0,0,0,0
Function Template,"nlohmann::detail::dtoa_impl::compute_boundaries(FloatType)",,,,0,1,0,,,,,,,,,,,,,,,,,,,,,,,,,,,,,,,0,1,0,1,1,0,0,0,0,1,1,0,0,0,0,0,0,1,1,1,1,0,,,,,0,,0,0,,0.00,,,,
Struct,"nlohmann::detail::dtoa_impl::diyfp",3,9,6,21,51,48,1,1,1,1,17,3,9,6,0,0,0,,4,1,,,,,4,1,0,0,1,8,8,0,0,0,0,8,,117,21,51,22,3,48,0,0,,,,,46,45,0,1,,,,,,1,1,1,1,,0,0,,87,0.94,5,5,5,5
Public Function,"nlohmann::detail::dtoa_impl::diyfp::diyfp(int,int)",,,,0,1,0,,,,,,,,,,,,,,,,,,,,,,,,,,,,,,,1,1,0,1,1,1,0,0,0,1,1,0,0,0,0,0,0,1,1,1,1,0,,,,,0,,0,0,,0.00,,,,
Public Static Function,"nlohmann::detail::dtoa_impl::diyfp::mul(const nlohmann::detail::dtoa_impl::diyfp &,const nlohmann::detail::dtoa_impl::diyfp &)",,,,10,21,30,,,,,,,,,,,,,,,,,,,,,,,,,,,,,,,1,60,10,21,16,0,30,0,0,1,1,0,18,16,16,0,0,1,1,1,1,0,,,,,0,,0,0,,1.43,,,,
Public Static Function,"nlohmann::detail::dtoa_impl::diyfp::normalize(nlohmann::detail::dtoa_impl::diyfp)",,,,2,10,0,,,,,,,,,,,,,,,,,,,,,,,,,,,,,,,1,12,2,10,1,1,0,0,0,2,1,0,4,1,0,0,1,1,1,1,1,0,,,,,0,,0,0,,0.00,,,,
Public Static Function,"nlohmann::detail::dtoa_impl::diyfp::normalize_to(const nlohmann::detail::dtoa_impl::diyfp &,const int)",,,,2,7,0,,,,,,,,,,,,,,,,,,,,,,,,,,,,,,,3,9,2,7,2,1,0,0,0,1,1,0,4,1,1,0,0,1,1,1,1,0,,,,,0,,0,0,,0.00,,,,
Public Static Function,"nlohmann::detail::dtoa_impl::diyfp::sub(const nlohmann::detail::dtoa_impl::diyfp &,const nlohmann::detail::dtoa_impl::diyfp &)",,,,1,6,0,,,,,,,,,,,,,,,,,,,,,,,,,,,,,,,0,7,1,6,1,0,0,0,0,1,1,0,3,0,0,0,0,1,1,1,1,0,,,,,0,,0,0,,0.00,,,,
Function,"nlohmann::detail::dtoa_impl::find_largest_pow10(const int,int &)",,,,0,53,2,,,,,,,,,,,,,,,,,,,,,,,,,,,,,,,0,55,0,53,1,19,2,0,0,1,10,1,20,19,0,0,19,10,10,10,10,9,,,,,9,,1,9,,0.04,,,,
Function,"nlohmann::detail::dtoa_impl::format_buffer(char *,int,int,int,int)",,,,13,44,14,,,,,,,,,,,,,,,,,,,,,,,,,,,,,,,5,71,13,44,4,20,14,0,0,3,5,1,23,19,2,0,17,5,5,8,4,4,,,,,3,,1,3,,0.32,,,,
Function,"nlohmann::detail::dtoa_impl::get_cached_power_for_binary_exponent(int)",,,,7,100,52,,,,,,,,,,,,,,,,,,,,,,,,,,,,,,,3,159,7,100,8,6,52,0,0,2,1,0,14,8,7,0,1,1,1,1,1,0,,,,,0,,0,0,,0.52,,,,
Function Template,"nlohmann::detail::dtoa_impl::grisu2(char *,int &,int &,FloatType)",,,,0,2,0,,,,,,,,,,,,,,,,,,,,,,,,,,,,,,,0,2,0,2,1,0,0,0,0,0,1,0,0,0,0,0,0,1,1,1,1,0,,,,,0,,0,0,,0.00,,,,
Function,"nlohmann::detail::dtoa_impl::grisu2(char *,int &,int &,nlohmann::detail::dtoa_impl::diyfp,nlohmann::detail::dtoa_impl::diyfp,nlohmann::detail::dtoa_impl::diyfp)",,,,7,16,32,,,,,,,,,,,,,,,,,,,,,,,,,,,,,,,8,53,7,16,9,6,32,0,0,7,1,0,11,9,7,0,2,1,1,1,1,0,,,,,0,,0,0,,2.00,,,,
Function,"nlohmann::detail::dtoa_impl::grisu2_digit_gen(char *,int &,int &,nlohmann::detail::dtoa_impl::diyfp,nlohmann::detail::dtoa_impl::diyfp,nlohmann::detail::dtoa_impl::diyfp)",,,,24,57,163,,,,,,,,,,,,,,,,,,,,,,,,,,,,,,,1,234,24,57,18,10,163,0,0,1,7,1,43,30,18,3,9,5,5,5,5,5,,,,,5,,2,5,,2.86,,,,
Function,"nlohmann::detail::dtoa_impl::grisu2_round(char *,int,int,int,int,int)",,,,3,16,17,,,,,,,,,,,,,,,,,,,,,,,,,,,,,,,0,36,3,16,2,0,17,0,0,0,1,0,7,0,0,0,0,1,1,1,1,0,,,,,0,,0,0,,1.06,,,,
Function Template,"nlohmann::detail::dtoa_impl::reinterpret_bits(const Source)",,,,0,1,0,,,,,,,,,,,,,,,,,,,,,,,,,,,,,,,0,1,0,1,1,0,0,0,0,1,1,0,0,0,0,0,0,1,1,1,1,0,,,,,0,,0,0,,0.00,,,,
Class,"nlohmann::detail::exception",0,3,0,4,19,3,1,1,1,1,3,0,3,0,0,0,5,,1,0,,,,,6,1,0,0,1,7,7,1,0,0,2,5,,26,4,19,3,1,3,0,0,,,,,12,12,0,0,,,,,,1,1,1,1,,0,0,,85,0.16,3,3,3,3
Protected Function,"nlohmann::detail::exception::exception(int,const char *)",,,,0,2,0,,,,,,,,,,,,,,,,,,,,,,,,,,,,,,,6,2,0,2,1,1,0,0,0,1,1,0,0,0,0,0,0,1,1,1,1,0,,,,,0,,0,0,,0.00,,,,
Protected Static Function,"nlohmann::detail::exception::name(const int &,int)",,,,0,4,0,,,,,,,,,,,,,,,,,,,,,,,,,,,,,,,0,4,0,4,0,0,0,0,0,1,1,0,1,0,0,0,0,1,1,1,1,0,,,,,0,,0,0,,0.00,,,,
Public Const Function,"nlohmann::detail::exception::what()",,,,0,5,0,,,,,,,,,,,,,,,,,,,,,,,,,,,,,,,0,5,0,5,1,0,0,0,0,1,1,0,1,0,0,0,0,1,1,1,1,0,,,,,0,,0,0,,0.00,,,,
Public Static Function Template,"nlohmann::detail::external_constructor::construct(BasicJsonType &,const typename BasicJsonType::array_t &)",,,,0,1,0,,,,,,,,,,,,,,,,,,,,,,,,,,,,,,,0,1,0,1,1,0,0,0,0,0,1,0,0,0,0,0,0,1,1,1,1,0,,,,,0,,0,0,,0.00,,,,
Public Static Function Template,"nlohmann::detail::external_constructor::construct(BasicJsonType &,const typename BasicJsonType::binary_t &)",,,,0,1,0,,,,,,,,,,,,,,,,,,,,,,,,,,,,,,,0,1,0,1,1,0,0,0,0,0,1,0,0,0,0,0,0,1,1,1,1,0,,,,,0,,0,0,,0.00,,,,
Public Static Function Template,"nlohmann::detail::external_constructor::construct(BasicJsonType &,const typename BasicJsonType::object_t &)",,,,0,1,0,,,,,,,,,,,,,,,,,,,,,,,,,,,,,,,0,1,0,1,1,0,0,0,0,0,1,0,0,0,0,0,0,1,1,1,1,0,,,,,0,,0,0,,0.00,,,,
Public Static Function Template,"nlohmann::detail::external_constructor::construct(BasicJsonType &,const typename BasicJsonType::string_t &)",,,,0,1,0,,,,,,,,,,,,,,,,,,,,,,,,,,,,,,,0,1,0,1,1,0,0,0,0,0,1,0,0,0,0,0,0,1,1,1,1,0,,,,,0,,0,0,,0.00,,,,
Public Static Function Template,"nlohmann::detail::external_constructor::construct(BasicJsonType &,typename BasicJsonType::array_t &&)",,,,0,1,0,,,,,,,,,,,,,,,,,,,,,,,,,,,,,,,0,1,0,1,1,0,0,0,0,0,1,0,0,0,0,0,0,1,1,1,1,0,,,,,0,,0,0,,0.00,,,,
Public Static Function Template,"nlohmann::detail::external_constructor::construct(BasicJsonType &,typename BasicJsonType::binary_t &&)",,,,0,1,0,,,,,,,,,,,,,,,,,,,,,,,,,,,,,,,0,1,0,1,1,0,0,0,0,0,1,0,0,0,0,0,0,1,1,1,1,0,,,,,0,,0,0,,0.00,,,,
Public Static Function Template,"nlohmann::detail::external_constructor::construct(BasicJsonType &,typename BasicJsonType::boolean_t)",,,,0,1,0,,,,,,,,,,,,,,,,,,,,,,,,,,,,,,,0,1,0,1,1,0,0,0,0,0,1,0,0,0,0,0,0,1,1,1,1,0,,,,,0,,0,0,,0.00,,,,
Public Static Function Template,"nlohmann::detail::external_constructor::construct(BasicJsonType &,typename BasicJsonType::number_float_t)",,,,0,1,0,,,,,,,,,,,,,,,,,,,,,,,,,,,,,,,0,1,0,1,1,0,0,0,0,0,1,0,0,0,0,0,0,1,1,1,1,0,,,,,0,,0,0,,0.00,,,,
Public Static Function Template,"nlohmann::detail::external_constructor::construct(BasicJsonType &,typename BasicJsonType::number_integer_t)",,,,0,1,0,,,,,,,,,,,,,,,,,,,,,,,,,,,,,,,0,1,0,1,1,0,0,0,0,0,1,0,0,0,0,0,0,1,1,1,1,0,,,,,0,,0,0,,0.00,,,,
Public Static Function Template,"nlohmann::detail::external_constructor::construct(BasicJsonType &,typename BasicJsonType::number_unsigned_t)",,,,0,1,0,,,,,,,,,,,,,,,,,,,,,,,,,,,,,,,0,1,0,1,1,0,0,0,0,0,1,0,0,0,0,0,0,1,1,1,1,0,,,,,0,,0,0,,0.00,,,,
Public Static Function Template,"nlohmann::detail::external_constructor::construct(BasicJsonType &,typename BasicJsonType::object_t &&)",,,,0,1,0,,,,,,,,,,,,,,,,,,,,,,,,,,,,,,,0,1,0,1,1,0,0,0,0,0,1,0,0,0,0,0,0,1,1,1,1,0,,,,,0,,0,0,,0.00,,,,
Public Static Function Template,"nlohmann::detail::external_constructor::construct(BasicJsonType &,typename BasicJsonType::string_t &&)",,,,0,1,0,,,,,,,,,,,,,,,,,,,,,,,,,,,,,,,0,1,0,1,1,0,0,0,0,0,1,0,0,0,0,0,0,1,1,1,1,0,,,,,0,,0,0,,0.00,,,,
Struct,"nlohmann::detail::external_constructor<nlohmann::detail::value_t::array>",0,1,0,4,54,0,1,1,1,1,1,0,1,0,0,0,0,,2,0,,,,,0,0,0,0,0,2,2,0,0,0,0,2,,58,4,54,3,1,0,0,0,,,,,4,4,0,0,,,,,,1,1,1,1,,0,0,,0,0.00,2,2,2,2
Struct,"nlohmann::detail::external_constructor<nlohmann::detail::value_t::binary>",0,1,0,1,20,0,1,1,1,1,1,0,1,0,0,0,0,,2,0,,,,,0,0,0,0,0,2,2,0,0,0,0,2,,21,1,20,3,1,0,0,0,,,,,4,4,0,0,,,,,,1,1,1,1,,0,0,,0,0.00,2,2,2,2
Struct,"nlohmann::detail::external_constructor<nlohmann::detail::value_t::boolean>",0,1,0,0,11,0,1,1,1,1,1,0,1,0,0,0,0,,1,0,,,,,0,0,0,0,0,1,1,0,0,0,0,1,,11,0,11,2,1,0,0,0,,,,,2,2,0,0,,,,,,1,1,1,1,,0,0,,0,0.00,1,1,1,1
Struct,"nlohmann::detail::external_constructor<nlohmann::detail::value_t::number_float>",0,1,0,0,11,0,1,1,1,1,1,0,1,0,0,0,0,,1,0,,,,,0,0,0,0,0,1,1,0,0,0,0,1,,11,0,11,2,1,0,0,0,,,,,2,2,0,0,,,,,,1,1,1,1,,0,0,,0,0.00,1,1,1,1
Struct,"nlohmann::detail::external_constructor<nlohmann::detail::value_t::number_integer>",0,1,0,0,11,0,1,1,1,1,1,0,1,0,0,0,0,,1,0,,,,,0,0,0,0,0,1,1,0,0,0,0,1,,11,0,11,2,1,0,0,0,,,,,2,2,0,0,,,,,,1,1,1,1,,0,0,,0,0.00,1,1,1,1
Struct,"nlohmann::detail::external_constructor<nlohmann::detail::value_t::number_unsigned>",0,1,0,0,11,0,1,1,1,1,1,0,1,0,0,0,0,,1,0,,,,,0,0,0,0,0,1,1,0,0,0,0,1,,11,0,11,2,1,0,0,0,,,,,2,2,0,0,,,,,,1,1,1,1,,0,0,,0,0.00,1,1,1,1
Struct,"nlohmann::detail::external_constructor<nlohmann::detail::value_t::object>",0,1,0,3,28,0,1,1,1,1,1,0,1,0,0,0,0,,2,0,,,,,0,0,0,0,0,2,2,0,0,0,0,2,,31,3,28,3,1,0,0,0,,,,,4,4,0,0,,,,,,1,1,1,1,,0,0,,0,0.00,2,2,2,2
Struct,"nlohmann::detail::external_constructor<nlohmann::detail::value_t::string>",0,1,0,2,27,0,1,1,1,1,1,0,1,0,0,0,0,,2,0,,,,,0,0,0,0,0,2,2,0,0,0,0,2,,29,2,27,3,1,0,0,0,,,,,4,4,0,0,,,,,,1,1,1,1,,0,0,,0,0.00,2,2,2,2
Class,"nlohmann::detail::file_input_adapter",0,4,0,4,19,2,1,1,1,1,4,0,4,0,0,0,0,,0,0,,,,,5,0,0,0,0,5,5,0,0,0,0,5,,25,4,19,2,0,2,0,0,,,,,8,8,0,0,,,,,,1,1,1,1,,0,0,,0,0.11,1,1,1,1
Explicit Public Function,"nlohmann::detail::file_input_adapter::file_input_adapter(int *)",,,,0,4,0,,,,,,,,,,,,,,,,,,,,,,,,,,,,,,,0,4,0,4,1,0,0,0,0,0,1,0,0,0,0,0,0,1,1,1,1,0,,,,,0,,0,0,,0.00,,,,
Function Template,"nlohmann::detail::from_json(const BasicJsonType &,int)",,,,0,1,0,,,,,,,,,,,,,,,,,,,,,,,,,,,,,,,0,1,0,1,1,0,0,0,0,0,1,0,0,0,0,0,0,1,1,1,1,0,,,,,0,,0,0,,0.00,,,,
Function Template,"nlohmann::detail::get(const nlohmann::detail::iteration_proxy_value<IteratorType> &)",,,,0,1,0,,,,,,,,,,,,,,,,,,,,,,,,,,,,,,,0,1,0,1,1,0,0,0,0,1,1,0,0,0,0,0,0,1,1,1,1,0,,,,,0,,0,0,,0.00,,,,
Function Template,"nlohmann::detail::get(const nlohmann::detail::iteration_proxy_value<IteratorType> &)",,,,0,1,0,,,,,,,,,,,,,,,,,,,,,,,,,,,,,,,0,1,0,1,1,0,0,0,0,1,1,0,0,0,0,0,0,1,1,1,1,0,,,,,0,,0,0,,0.00,,,,
Struct Template,"nlohmann::detail::has_from_json",0,0,0,0,1,0,0,0,0,0,0,0,0,0,0,0,0,,0,0,,,,,0,0,0,0,0,0,0,0,0,0,0,0,,1,0,1,1,0,0,0,0,,,,,0,0,0,0,,,,,,0,0,0,0,,0,0,,0,0.00,0,0,0,0
Struct Template,"nlohmann::detail::has_non_default_from_json",0,0,0,0,1,0,0,0,0,0,0,0,0,0,0,0,0,,0,0,,,,,0,0,0,0,0,0,0,0,0,0,0,0,,1,0,1,1,0,0,0,0,,,,,0,0,0,0,,,,,,0,0,0,0,,0,0,,0,0.00,0,0,0,0
Struct Template,"nlohmann::detail::has_to_json",0,0,0,0,1,0,0,0,0,0,0,0,0,0,0,0,0,,0,0,,,,,0,0,0,0,0,0,0,0,0,0,0,0,,1,0,1,1,0,0,0,0,,,,,0,0,0,0,,,,,,0,0,0,0,,0,0,,0,0.00,0,0,0,0
Function Template,"nlohmann::detail::hash(const BasicJsonType &)",,,,0,1,0,,,,,,,,,,,,,,,,,,,,,,,,,,,,,,,0,1,0,1,0,0,0,0,0,1,1,0,0,0,0,0,0,1,1,1,1,0,,,,,0,,0,0,,0.00,,,,
Function Template,"nlohmann::detail::input_adapter(const ContainerType &)",,,,0,1,0,,,,,,,,,,,,,,,,,,,,,,,,,,,,,,,0,1,0,1,0,0,0,0,0,1,1,0,0,0,0,0,0,1,1,1,1,0,,,,,0,,0,0,,0.00,,,,
Function,"nlohmann::detail::input_adapter(int &&)",,,,0,4,0,,,,,,,,,,,,,,,,,,,,,,,,,,,,,,,0,4,0,4,1,0,0,0,0,1,1,0,1,0,0,0,0,1,1,1,1,0,,,,,0,,0,0,,0.00,,,,
Function,"nlohmann::detail::input_adapter(int &)",,,,0,4,0,,,,,,,,,,,,,,,,,,,,,,,,,,,,,,,0,4,0,4,1,0,0,0,0,1,1,0,1,0,0,0,0,1,1,1,1,0,,,,,0,,0,0,,0.00,,,,
Function,"nlohmann::detail::input_adapter(int *)",,,,0,4,0,,,,,,,,,,,,,,,,,,,,,,,,,,,,,,,0,4,0,4,1,0,0,0,0,1,1,0,1,0,0,0,0,1,1,1,1,0,,,,,0,,0,0,,0.00,,,,
Function,"nlohmann::detail::input_adapter(int,int)",,,,0,5,0,,,,,,,,,,,,,,,,,,,,,,,,,,,,,,,0,5,0,5,1,0,0,0,0,1,1,0,2,0,0,0,0,1,1,1,1,0,,,,,0,,0,0,,0.00,,,,
Class,"nlohmann::detail::input_stream_adapter",0,5,0,6,35,8,1,1,1,1,5,0,5,0,0,0,0,,0,0,,,,,6,0,0,0,0,6,6,0,0,0,0,6,,49,6,35,4,0,8,0,0,,,,,11,10,0,1,,,,,,2,2,2,1,,0,1,,0,0.23,4,4,4,3
Explicit Public Function,"nlohmann::detail::input_stream_adapter::input_stream_adapter(int &)",,,,0,3,0,,,,,,,,,,,,,,,,,,,,,,,,,,,,,,,0,3,0,3,1,0,0,0,0,0,1,0,0,0,0,0,0,1,1,1,1,0,,,,,0,,0,0,,0.00,,,,
Public Function,"nlohmann::detail::input_stream_adapter::input_stream_adapter(nlohmann::detail::input_stream_adapter &&)",,,,0,5,0,,,,,,,,,,,,,,,,,,,,,,,,,,,,,,,0,5,0,5,1,0,0,0,0,0,1,0,2,0,0,0,0,1,1,1,1,0,,,,,0,,0,0,,0.00,,,,
Public Function,"nlohmann::detail::input_stream_adapter::~input_stream_adapter()",,,,0,7,2,,,,,,,,,,,,,,,,,,,,,,,,,,,,,,,0,9,0,7,1,0,2,0,0,0,2,0,1,1,0,0,1,2,2,2,1,0,,,,,0,,1,0,,0.29,,,,
Function Template,"nlohmann::detail::int_to_string(string_type &,int)",,,,0,1,0,,,,,,,,,,,,,,,,,,,,,,,,,,,,,,,0,1,0,1,1,0,0,0,0,0,1,0,0,0,0,0,0,1,1,1,1,0,,,,,0,,0,0,,0.00,,,,
Struct Template,"nlohmann::detail::internal_iterator",0,0,0,0,6,3,0,0,0,0,0,0,0,0,0,0,0,,0,0,,,,,0,2,0,0,2,0,0,0,0,0,0,0,,9,0,6,1,0,3,0,0,,,,,3,3,0,0,,,,,,0,0,0,0,,0,0,,0,0.50,0,0,0,0
Class,"nlohmann::detail::invalid_iterator",0,4,0,1,13,0,1,1,1,1,4,0,4,0,1,0,0,,1,0,,,,,3,0,0,0,0,4,11,0,0,1,0,3,,14,1,13,4,1,0,0,0,,,,,8,8,0,0,,,,,,1,1,1,1,,1,0,,0,0.00,2,2,2,2
Public Static Function,"nlohmann::detail::invalid_iterator::create(int,const int &)",,,,0,5,0,,,,,,,,,,,,,,,,,,,,,,,,,,,,,,,0,5,0,5,2,0,0,0,0,1,1,0,2,1,1,0,0,1,1,1,1,0,,,,,0,,0,0,,0.00,,,,
Private Function,"nlohmann::detail::invalid_iterator::invalid_iterator(int,const char *)",,,,0,3,0,,,,,,,,,,,,,,,,,,,,,,,,,,,,,,,2,3,0,3,1,1,0,0,0,1,1,0,0,0,0,0,0,1,1,1,1,0,,,,,0,,0,0,,0.00,,,,
Struct Template,"nlohmann::detail::is_basic_json",0,0,0,0,1,0,0,0,0,0,0,0,0,0,0,0,0,,0,0,,,,,0,0,0,0,0,0,0,0,0,0,0,0,,1,0,1,1,0,0,0,0,,,,,0,0,0,0,,,,,,0,0,0,0,,0,0,,0,0.00,0,0,0,0
Struct Template,"nlohmann::detail::is_compatible_array_type",0,0,0,0,2,0,0,0,0,0,0,0,0,0,0,0,0,,0,0,,,,,0,0,0,0,0,0,0,0,0,0,0,0,,2,0,2,1,0,0,0,0,,,,,0,0,0,0,,,,,,0,0,0,0,,0,0,,0,0.00,0,0,0,0
Struct Template,"nlohmann::detail::is_compatible_array_type_impl",0,0,0,0,1,0,0,0,0,0,0,0,0,0,0,0,0,,0,0,,,,,0,0,0,0,0,0,0,0,0,0,0,0,,1,0,1,1,0,0,0,0,,,,,0,0,0,0,,,,,,0,0,0,0,,0,0,,0,0.00,0,0,0,0
Struct Template,"nlohmann::detail::is_compatible_integer_type",0,0,0,0,3,0,0,0,0,0,0,0,0,0,0,0,0,,0,0,,,,,0,0,0,0,0,0,0,0,0,0,0,0,,3,0,3,1,0,0,0,0,,,,,0,0,0,0,,,,,,0,0,0,0,,0,0,,0,0.00,0,0,0,0
Struct Template,"nlohmann::detail::is_compatible_integer_type_impl",0,0,0,0,1,0,0,0,0,0,0,0,0,0,0,0,0,,0,0,,,,,0,0,0,0,0,0,0,0,0,0,0,0,,1,0,1,1,0,0,0,0,,,,,0,0,0,0,,,,,,0,0,0,0,,0,0,,0,0.00,0,0,0,0
Struct Template,"nlohmann::detail::is_compatible_object_type",0,0,0,0,2,0,0,0,0,0,0,0,0,0,0,0,0,,0,0,,,,,0,0,0,0,0,0,0,0,0,0,0,0,,2,0,2,1,0,0,0,0,,,,,0,0,0,0,,,,,,0,0,0,0,,0,0,,0,0.00,0,0,0,0
Struct Template,"nlohmann::detail::is_compatible_object_type_impl",0,0,0,0,1,0,0,0,0,0,0,0,0,0,0,0,0,,0,0,,,,,0,0,0,0,0,0,0,0,0,0,0,0,,1,0,1,1,0,0,0,0,,,,,0,0,0,0,,,,,,0,0,0,0,,0,0,,0,0.00,0,0,0,0
Struct Template,"nlohmann::detail::is_compatible_string_type",0,0,0,0,2,0,0,0,0,0,0,0,0,0,0,0,0,,0,0,,,,,0,0,0,0,0,0,0,0,0,0,0,0,,2,0,2,1,0,0,0,0,,,,,0,0,0,0,,,,,,0,0,0,0,,0,0,,0,0.00,0,0,0,0
Struct Template,"nlohmann::detail::is_compatible_string_type_impl",0,0,0,0,1,0,0,0,0,0,0,0,0,0,0,0,0,,0,0,,,,,0,0,0,0,0,0,0,0,0,0,0,0,,1,0,1,1,0,0,0,0,,,,,0,0,0,0,,,,,,0,0,0,0,,0,0,,0,0.00,0,0,0,0
Struct Template,"nlohmann::detail::is_compatible_type",0,0,0,0,2,0,0,0,0,0,0,0,0,0,0,0,0,,0,0,,,,,0,0,0,0,0,0,0,0,0,0,0,0,,2,0,2,1,0,0,0,0,,,,,0,0,0,0,,,,,,0,0,0,0,,0,0,,0,0.00,0,0,0,0
Struct Template,"nlohmann::detail::is_compatible_type_impl",0,0,0,0,1,0,0,0,0,0,0,0,0,0,0,0,0,,0,0,,,,,0,0,0,0,0,0,0,0,0,0,0,0,,1,0,1,1,0,0,0,0,,,,,0,0,0,0,,,,,,0,0,0,0,,0,0,,0,0.00,0,0,0,0
Struct Template,"nlohmann::detail::is_complete_type",0,0,0,0,1,0,0,0,0,0,0,0,0,0,0,0,0,,0,0,,,,,0,0,0,0,0,0,0,0,0,0,0,0,,1,0,1,1,0,0,0,0,,,,,0,0,0,0,,,,,,0,0,0,0,,0,0,,0,0.00,0,0,0,0
Struct Template,"nlohmann::detail::is_complete_type<type-parameter-0-0, decltype(void(sizeof(T)))>",0,0,0,0,2,0,0,0,0,0,0,0,0,0,0,0,0,,0,0,,,,,0,0,0,0,0,0,0,0,0,0,0,0,,2,0,2,2,0,0,0,0,,,,,0,0,0,0,,,,,,0,0,0,0,,0,0,,0,0.00,0,0,0,0
Struct Template,"nlohmann::detail::is_constructible_array_type",0,0,0,0,2,0,0,0,0,0,0,0,0,0,0,0,0,,0,0,,,,,0,0,0,0,0,0,0,0,0,0,0,0,,2,0,2,1,0,0,0,0,,,,,0,0,0,0,,,,,,0,0,0,0,,0,0,,0,0.00,0,0,0,0
Struct Template,"nlohmann::detail::is_constructible_array_type_impl",0,0,0,0,1,0,0,0,0,0,0,0,0,0,0,0,0,,0,0,,,,,0,0,0,0,0,0,0,0,0,0,0,0,,1,0,1,1,0,0,0,0,,,,,0,0,0,0,,,,,,0,0,0,0,,0,0,,0,0.00,0,0,0,0
Struct Template,"nlohmann::detail::is_constructible_object_type",0,0,0,0,3,0,0,0,0,0,0,0,0,0,0,0,0,,0,0,,,,,0,0,0,0,0,0,0,0,0,0,0,0,,3,0,3,1,0,0,0,0,,,,,0,0,0,0,,,,,,0,0,0,0,,0,0,,0,0.00,0,0,0,0
Struct Template,"nlohmann::detail::is_constructible_object_type_impl",0,0,0,0,1,0,0,0,0,0,0,0,0,0,0,0,0,,0,0,,,,,0,0,0,0,0,0,0,0,0,0,0,0,,1,0,1,1,0,0,0,0,,,,,0,0,0,0,,,,,,0,0,0,0,,0,0,,0,0.00,0,0,0,0
Struct Template,"nlohmann::detail::is_constructible_string_type",0,0,0,0,2,0,0,0,0,0,0,0,0,0,0,0,0,,0,0,,,,,0,0,0,0,0,0,0,0,0,0,0,0,,2,0,2,1,0,0,0,0,,,,,0,0,0,0,,,,,,0,0,0,0,,0,0,,0,0.00,0,0,0,0
Struct Template,"nlohmann::detail::is_constructible_string_type_impl",0,0,0,0,1,0,0,0,0,0,0,0,0,0,0,0,0,,0,0,,,,,0,0,0,0,0,0,0,0,0,0,0,0,,1,0,1,1,0,0,0,0,,,,,0,0,0,0,,,,,,0,0,0,0,,0,0,,0,0.00,0,0,0,0
Struct Template,"nlohmann::detail::is_constructible_tuple",0,0,0,0,1,0,0,0,0,0,0,0,0,0,0,0,0,,0,0,,,,,0,0,0,0,0,0,0,0,0,0,0,0,,1,0,1,1,0,0,0,0,,,,,0,0,0,0,,,,,,0,0,0,0,,0,0,,0,0.00,0,0,0,0
Struct Template,"nlohmann::detail::is_getable",0,0,0,0,4,0,0,0,0,0,0,0,0,0,0,0,0,,0,1,,,,,0,0,0,0,0,0,0,0,0,0,0,0,,4,0,4,1,0,0,0,0,,,,,1,1,0,0,,,,,,0,0,0,0,,0,0,,0,0.00,0,0,0,0
Struct Template,"nlohmann::detail::is_iterator_of_multibyte",0,0,0,0,8,0,0,0,0,0,0,0,0,0,0,0,0,,0,0,,,,,0,0,0,0,0,0,0,0,0,0,0,0,,8,0,8,1,0,0,0,0,,,,,2,2,0,0,,,,,,0,0,0,0,,0,0,,0,0.00,0,0,0,0
Struct Template,"nlohmann::detail::is_iterator_traits",0,0,0,0,1,0,0,0,0,0,0,0,0,0,0,0,0,,0,0,,,,,0,0,0,0,0,0,0,0,0,0,0,0,,1,0,1,1,0,0,0,0,,,,,0,0,0,0,,,,,,0,0,0,0,,0,0,,0,0.00,0,0,0,0
Struct Template,"nlohmann::detail::is_json_ref",0,0,0,0,1,0,0,0,0,0,0,0,0,0,0,0,0,,0,0,,,,,0,0,0,0,0,0,0,0,0,0,0,0,,1,0,1,1,0,0,0,0,,,,,0,0,0,0,,,,,,0,0,0,0,,0,0,,0,0.00,0,0,0,0
Struct Template,"nlohmann::detail::is_json_ref<json_ref<type-parameter-0-0> >",0,0,0,0,2,0,0,0,0,0,0,0,0,0,0,0,0,,0,0,,,,,0,0,0,0,0,0,0,0,0,0,0,0,,2,0,2,2,0,0,0,0,,,,,0,0,0,0,,,,,,0,0,0,0,,0,0,,0,0.00,0,0,0,0
Struct Template,"nlohmann::detail::is_sax",0,0,0,2,27,0,0,0,0,0,0,0,0,0,0,0,0,,0,1,,,,,0,0,0,0,0,0,0,0,0,0,0,0,,29,2,27,1,0,0,0,0,,,,,12,12,0,0,,,,,,0,0,0,0,,0,0,,0,0.00,0,0,0,0
Struct Template,"nlohmann::detail::is_sax_static_asserts",0,0,0,2,50,0,0,0,0,0,0,0,0,0,0,0,0,,0,0,,,,,0,0,0,0,0,0,0,0,0,0,0,0,,52,2,50,1,0,0,0,0,,,,,9,9,0,0,,,,,,0,0,0,0,,0,0,,0,0.00,0,0,0,0
Class Template,"nlohmann::detail::iter_impl",0,1,0,84,366,147,1,1,1,1,1,0,1,0,0,0,0,,0,0,,,,,28,0,0,0,0,28,28,14,10,2,0,26,,597,84,366,24,0,147,0,0,,,,,42,42,0,0,,,,,,1,1,1,1,,0,0,,0,0.40,27,27,27,27
Public Function,"nlohmann::detail::iter_impl::iter_impl(const int)",,,,0,1,0,,,,,,,,,,,,,,,,,,,,,,,,,,,,,,,0,1,0,1,1,0,0,0,0,0,1,0,0,0,0,0,0,1,1,1,1,0,,,,,0,,0,0,,0.00,,,,
Public Function,"nlohmann::detail::iter_impl::iter_impl(const iter_impl<const BasicJsonType> &)",,,,0,1,0,,,,,,,,,,,,,,,,,,,,,,,,,,,,,,,0,1,0,1,1,0,0,0,0,0,1,0,0,0,0,0,0,1,1,1,1,0,,,,,0,,0,0,,0.00,,,,
Explicit Public Function,"nlohmann::detail::iter_impl::iter_impl(int)",,,,0,1,0,,,,,,,,,,,,,,,,,,,,,,,,,,,,,,,0,1,0,1,1,0,0,0,0,0,1,0,0,0,0,0,0,1,1,1,1,0,,,,,0,,0,0,,0.00,,,,
Public Const Function,"nlohmann::detail::iter_impl::key()",,,,0,1,0,,,,,,,,,,,,,,,,,,,,,,,,,,,,,,,0,1,0,1,1,0,0,0,0,1,1,0,0,0,0,0,0,1,1,1,1,0,,,,,0,,0,0,,0.00,,,,
Public Const Function,"nlohmann::detail::iter_impl::operator!=(const iter_impl<BasicJsonType> &)",,,,0,1,0,,,,,,,,,,,,,,,,,,,,,,,,,,,,,,,0,1,0,1,1,0,0,0,0,1,1,0,0,0,0,0,0,1,1,1,1,0,,,,,0,,0,0,,0.00,,,,
Public Const Function,"nlohmann::detail::iter_impl::operator*()",,,,0,1,0,,,,,,,,,,,,,,,,,,,,,,,,,,,,,,,0,1,0,1,0,0,0,0,0,1,1,0,0,0,0,0,0,1,1,1,1,0,,,,,0,,0,0,,0.00,,,,
Public Const Function,"nlohmann::detail::iter_impl::operator+(nlohmann::detail::iter_impl::difference_type)",,,,0,1,0,,,,,,,,,,,,,,,,,,,,,,,,,,,,,,,0,1,0,1,1,0,0,0,0,1,1,0,0,0,0,0,0,1,1,1,1,0,,,,,0,,0,0,,0.00,,,,
Public Function,"nlohmann::detail::iter_impl::operator++()",,,,0,1,0,,,,,,,,,,,,,,,,,,,,,,,,,,,,,,,0,1,0,1,1,0,0,0,0,1,1,0,0,0,0,0,0,1,1,1,1,0,,,,,0,,0,0,,0.00,,,,
Public Function,"nlohmann::detail::iter_impl::operator++(int)",,,,0,1,0,,,,,,,,,,,,,,,,,,,,,,,,,,,,,,,0,1,0,1,1,0,0,0,0,1,1,0,0,0,0,0,0,1,1,1,1,0,,,,,0,,0,0,,0.00,,,,
Public Function,"nlohmann::detail::iter_impl::operator+=(nlohmann::detail::iter_impl::difference_type)",,,,0,1,0,,,,,,,,,,,,,,,,,,,,,,,,,,,,,,,0,1,0,1,1,0,0,0,0,1,1,0,0,0,0,0,0,1,1,1,1,0,,,,,0,,0,0,,0.00,,,,
Public Const Function,"nlohmann::detail::iter_impl::operator-(const iter_impl<BasicJsonType> &)",,,,0,1,0,,,,,,,,,,,,,,,,,,,,,,,,,,,,,,,0,1,0,1,1,0,0,0,0,1,1,0,0,0,0,0,0,1,1,1,1,0,,,,,0,,0,0,,0.00,,,,
Public Const Function,"nlohmann::detail::iter_impl::operator-(nlohmann::detail::iter_impl::difference_type)",,,,0,1,0,,,,,,,,,,,,,,,,,,,,,,,,,,,,,,,0,1,0,1,1,0,0,0,0,1,1,0,0,0,0,0,0,1,1,1,1,0,,,,,0,,0,0,,0.00,,,,
Public Function,"nlohmann::detail::iter_impl::operator--()",,,,0,1,0,,,,,,,,,,,,,,,,,,,,,,,,,,,,,,,0,1,0,1,1,0,0,0,0,1,1,0,0,0,0,0,0,1,1,1,1,0,,,,,0,,0,0,,0.00,,,,
Public Function,"nlohmann::detail::iter_impl::operator--(int)",,,,0,1,0,,,,,,,,,,,,,,,,,,,,,,,,,,,,,,,0,1,0,1,1,0,0,0,0,1,1,0,0,0,0,0,0,1,1,1,1,0,,,,,0,,0,0,,0.00,,,,
Public Function,"nlohmann::detail::iter_impl::operator-=(nlohmann::detail::iter_impl::difference_type)",,,,0,1,0,,,,,,,,,,,,,,,,,,,,,,,,,,,,,,,0,1,0,1,1,0,0,0,0,1,1,0,0,0,0,0,0,1,1,1,1,0,,,,,0,,0,0,,0.00,,,,
Public Const Function,"nlohmann::detail::iter_impl::operator->()",,,,0,1,0,,,,,,,,,,,,,,,,,,,,,,,,,,,,,,,0,1,0,1,0,0,0,0,0,1,1,0,0,0,0,0,0,1,1,1,1,0,,,,,0,,0,0,,0.00,,,,
Public Const Function,"nlohmann::detail::iter_impl::operator<(const iter_impl<BasicJsonType> &)",,,,0,1,0,,,,,,,,,,,,,,,,,,,,,,,,,,,,,,,0,1,0,1,1,0,0,0,0,1,1,0,0,0,0,0,0,1,1,1,1,0,,,,,0,,0,0,,0.00,,,,
Public Const Function,"nlohmann::detail::iter_impl::operator<=(const iter_impl<BasicJsonType> &)",,,,0,1,0,,,,,,,,,,,,,,,,,,,,,,,,,,,,,,,0,1,0,1,1,0,0,0,0,1,1,0,0,0,0,0,0,1,1,1,1,0,,,,,0,,0,0,,0.00,,,,
Public Function,"nlohmann::detail::iter_impl::operator=(const int)",,,,0,1,0,,,,,,,,,,,,,,,,,,,,,,,,,,,,,,,0,1,0,1,1,0,0,0,0,1,1,0,0,0,0,0,0,1,1,1,1,0,,,,,0,,0,0,,0.00,,,,
Public Function,"nlohmann::detail::iter_impl::operator=(const iter_impl<const BasicJsonType> &)",,,,0,1,0,,,,,,,,,,,,,,,,,,,,,,,,,,,,,,,0,1,0,1,1,0,0,0,0,1,1,0,0,0,0,0,0,1,1,1,1,0,,,,,0,,0,0,,0.00,,,,
Public Const Function,"nlohmann::detail::iter_impl::operator==(const iter_impl<BasicJsonType> &)",,,,0,1,0,,,,,,,,,,,,,,,,,,,,,,,,,,,,,,,0,1,0,1,1,0,0,0,0,1,1,0,0,0,0,0,0,1,1,1,1,0,,,,,0,,0,0,,0.00,,,,
Public Const Function,"nlohmann::detail::iter_impl::operator>(const iter_impl<BasicJsonType> &)",,,,0,1,0,,,,,,,,,,,,,,,,,,,,,,,,,,,,,,,0,1,0,1,1,0,0,0,0,1,1,0,0,0,0,0,0,1,1,1,1,0,,,,,0,,0,0,,0.00,,,,
Public Const Function,"nlohmann::detail::iter_impl::operator>=(const iter_impl<BasicJsonType> &)",,,,0,1,0,,,,,,,,,,,,,,,,,,,,,,,,,,,,,,,0,1,0,1,1,0,0,0,0,1,1,0,0,0,0,0,0,1,1,1,1,0,,,,,0,,0,0,,0.00,,,,
Public Const Function,"nlohmann::detail::iter_impl::operator[](nlohmann::detail::iter_impl::difference_type)",,,,0,1,0,,,,,,,,,,,,,,,,,,,,,,,,,,,,,,,0,1,0,1,0,0,0,0,0,1,1,0,0,0,0,0,0,1,1,1,1,0,,,,,0,,0,0,,0.00,,,,
Private Function,"nlohmann::detail::iter_impl::set_begin()",,,,0,1,0,,,,,,,,,,,,,,,,,,,,,,,,,,,,,,,0,1,0,1,1,0,0,0,0,0,1,0,0,0,0,0,0,1,1,1,1,0,,,,,0,,0,0,,0.00,,,,
Private Function,"nlohmann::detail::iter_impl::set_end()",,,,0,1,0,,,,,,,,,,,,,,,,,,,,,,,,,,,,,,,0,1,0,1,1,0,0,0,0,0,1,0,0,0,0,0,0,1,1,1,1,0,,,,,0,,0,0,,0.00,,,,
Public Const Function,"nlohmann::detail::iter_impl::value()",,,,0,1,0,,,,,,,,,,,,,,,,,,,,,,,,,,,,,,,0,1,0,1,0,0,0,0,0,1,1,0,0,0,0,0,0,1,1,1,1,0,,,,,0,,0,0,,0.00,,,,
Class Template,"nlohmann::detail::iteration_proxy",0,1,0,3,16,4,1,1,1,1,1,0,1,0,0,1,0,,0,0,,,,,3,1,1,0,0,3,3,0,0,0,0,3,,23,3,16,4,0,4,0,0,,,,,6,6,0,0,,,,,,1,1,1,1,,0,0,,100,0.25,3,3,3,3
Public Function,"nlohmann::detail::iteration_proxy::begin()",,,,0,1,0,,,,,,,,,,,,,,,,,,,,,,,,,,,,,,,0,1,0,1,1,0,0,0,0,1,1,0,0,0,0,0,0,1,1,1,1,0,,,,,0,,0,0,,0.00,,,,
Public Function,"nlohmann::detail::iteration_proxy::end()",,,,0,1,0,,,,,,,,,,,,,,,,,,,,,,,,,,,,,,,0,1,0,1,1,0,0,0,0,1,1,0,0,0,0,0,0,1,1,1,1,0,,,,,0,,0,0,,0.00,,,,
Explicit Public Function,"nlohmann::detail::iteration_proxy::iteration_proxy(typename IteratorType::reference)",,,,0,1,0,,,,,,,,,,,,,,,,,,,,,,,,,,,,,,,0,1,0,1,1,0,0,0,0,0,1,0,0,0,0,0,0,1,1,1,1,0,,,,,0,,0,0,,0.00,,,,
Class Template,"nlohmann::detail::iteration_proxy_value",0,1,0,12,60,14,1,1,1,1,1,0,1,0,0,0,0,,0,0,,,,,7,1,1,0,0,7,7,4,0,0,0,7,,86,12,60,7,0,14,0,0,,,,,18,18,0,0,,,,,,1,1,1,1,,0,0,,100,0.23,7,7,7,7
Explicit Public Function,"nlohmann::detail::iteration_proxy_value::iteration_proxy_value(IteratorType)",,,,0,1,0,,,,,,,,,,,,,,,,,,,,,,,,,,,,,,,0,1,0,1,1,0,0,0,0,0,1,0,0,0,0,0,0,1,1,1,1,0,,,,,0,,0,0,,0.00,,,,
Public Const Function,"nlohmann::detail::iteration_proxy_value::key()",,,,0,1,0,,,,,,,,,,,,,,,,,,,,,,,,,,,,,,,0,1,0,1,0,0,0,0,0,1,1,0,0,0,0,0,0,1,1,1,1,0,,,,,0,,0,0,,0.00,,,,
Public Const Function,"nlohmann::detail::iteration_proxy_value::operator!=(const iteration_proxy_value<IteratorType> &)",,,,0,1,0,,,,,,,,,,,,,,,,,,,,,,,,,,,,,,,0,1,0,1,1,0,0,0,0,1,1,0,0,0,0,0,0,1,1,1,1,0,,,,,0,,0,0,,0.00,,,,
Public Function,"nlohmann::detail::iteration_proxy_value::operator*()",,,,0,1,0,,,,,,,,,,,,,,,,,,,,,,,,,,,,,,,0,1,0,1,1,0,0,0,0,1,1,0,0,0,0,0,0,1,1,1,1,0,,,,,0,,0,0,,0.00,,,,
Public Function,"nlohmann::detail::iteration_proxy_value::operator++()",,,,0,1,0,,,,,,,,,,,,,,,,,,,,,,,,,,,,,,,0,1,0,1,1,0,0,0,0,1,1,0,0,0,0,0,0,1,1,1,1,0,,,,,0,,0,0,,0.00,,,,
Public Const Function,"nlohmann::detail::iteration_proxy_value::operator==(const iteration_proxy_value<IteratorType> &)",,,,0,1,0,,,,,,,,,,,,,,,,,,,,,,,,,,,,,,,0,1,0,1,1,0,0,0,0,1,1,0,0,0,0,0,0,1,1,1,1,0,,,,,0,,0,0,,0.00,,,,
Public Const Function,"nlohmann::detail::iteration_proxy_value::value()",,,,0,1,0,,,,,,,,,,,,,,,,,,,,,,,,,,,,,,,0,1,0,1,1,0,0,0,0,1,1,0,0,0,0,0,0,1,1,1,1,0,,,,,0,,0,0,,0.00,,,,
Class Template,"nlohmann::detail::iterator_input_adapter",0,1,0,6,29,0,1,1,1,1,1,0,1,0,0,0,0,,0,0,,,,,2,1,0,0,1,2,2,1,0,0,0,2,,35,6,29,3,0,0,0,0,,,,,5,5,0,0,,,,,,1,1,1,1,,0,0,,100,0.00,2,2,2,2
Public Const Function,"nlohmann::detail::iterator_input_adapter::empty()",,,,0,1,0,,,,,,,,,,,,,,,,,,,,,,,,,,,,,,,0,1,0,1,1,0,0,0,0,1,1,0,0,0,0,0,0,1,1,1,1,0,,,,,0,,0,0,,0.00,,,,
Public Function,"nlohmann::detail::iterator_input_adapter::iterator_input_adapter(IteratorType,IteratorType)",,,,0,1,0,,,,,,,,,,,,,,,,,,,,,,,,,,,,,,,0,1,0,1,1,0,0,0,0,0,1,0,0,0,0,0,0,1,1,1,1,0,,,,,0,,0,0,,0.00,,,,
Struct Template,"nlohmann::detail::iterator_input_adapter_factory",0,1,0,1,10,0,1,1,1,1,1,0,1,0,0,1,0,,1,0,,,,,0,0,0,0,0,1,1,0,0,0,0,1,,11,1,10,2,0,0,0,0,,,,,3,3,0,0,,,,,,1,1,1,1,,0,0,,0,0.00,1,1,1,1
Public Static Function,"nlohmann::detail::iterator_input_adapter_factory::create(IteratorType,IteratorType)",,,,0,1,0,,,,,,,,,,,,,,,,,,,,,,,,,,,,,,,0,1,0,1,1,0,0,0,0,1,1,0,0,0,0,0,0,1,1,1,1,0,,,,,0,,0,0,,0.00,,,,
Struct Template,"nlohmann::detail::iterator_traits",0,0,0,0,3,0,0,0,0,0,0,0,0,0,0,0,0,,0,0,,,,,0,0,0,0,0,0,0,0,0,0,0,0,,3,0,3,1,0,0,0,0,,,,,0,0,0,0,,,,,,0,0,0,0,,0,0,,0,0.00,0,0,0,0
Struct Template,"nlohmann::detail::iterator_types",0,0,0,0,1,0,0,0,0,0,0,0,0,0,0,0,0,,0,0,,,,,0,0,0,0,0,0,0,0,0,0,0,0,,1,0,1,1,0,0,0,0,,,,,0,0,0,0,,,,,,0,0,0,0,,0,0,,0,0.00,0,0,0,0
Class Template,"nlohmann::detail::json_ref",0,1,0,9,44,1,1,1,1,1,1,0,1,0,0,0,0,,0,0,,,,,10,2,2,0,0,10,10,3,0,0,0,10,,54,9,44,7,0,1,0,0,,,,,15,15,0,0,,,,,,1,1,1,1,,0,0,,100,0.02,6,6,6,6
Public Function,"nlohmann::detail::json_ref::json_ref(const nlohmann::detail::json_ref::value_type &)",,,,0,1,0,,,,,,,,,,,,,,,,,,,,,,,,,,,,,,,0,1,0,1,1,0,0,0,0,0,1,0,0,0,0,0,0,1,1,1,1,0,,,,,0,,0,0,,0.00,,,,
Public Function,"nlohmann::detail::json_ref::json_ref(int)",,,,0,1,0,,,,,,,,,,,,,,,,,,,,,,,,,,,,,,,0,1,0,1,1,0,0,0,0,0,1,0,0,0,0,0,0,1,1,1,1,0,,,,,0,,0,0,,0.00,,,,
Public Function,"nlohmann::detail::json_ref::json_ref(nlohmann::detail::json_ref::value_type &&)",,,,0,1,0,,,,,,,,,,,,,,,,,,,,,,,,,,,,,,,0,1,0,1,1,0,0,0,0,0,1,0,0,0,0,0,0,1,1,1,1,0,,,,,0,,0,0,,0.00,,,,
Public Const Function,"nlohmann::detail::json_ref::moved_or_copied()",,,,0,1,0,,,,,,,,,,,,,,,,,,,,,,,,,,,,,,,0,1,0,1,1,0,0,0,0,1,1,0,0,0,0,0,0,1,1,1,1,0,,,,,0,,0,0,,0.00,,,,
Public Const Function,"nlohmann::detail::json_ref::operator*()",,,,0,1,0,,,,,,,,,,,,,,,,,,,,,,,,,,,,,,,0,1,0,1,1,0,0,0,0,1,1,0,0,0,0,0,0,1,1,1,1,0,,,,,0,,0,0,,0.00,,,,
Public Const Function,"nlohmann::detail::json_ref::operator->()",,,,0,1,0,,,,,,,,,,,,,,,,,,,,,,,,,,,,,,,0,1,0,1,1,0,0,0,0,1,1,0,0,0,0,0,0,1,1,1,1,0,,,,,0,,0,0,,0.00,,,,
Class Template,"nlohmann::detail::json_reverse_iterator",0,1,0,13,56,15,1,1,1,1,1,0,1,0,0,0,0,,0,0,,,,,13,0,0,0,0,13,13,6,0,0,0,13,,84,13,56,12,0,15,0,0,,,,,15,15,0,0,,,,,,1,1,1,1,,0,0,,0,0.27,13,13,13,13
Explicit Public Function,"nlohmann::detail::json_reverse_iterator::json_reverse_iterator(const int &)",,,,0,1,0,,,,,,,,,,,,,,,,,,,,,,,,,,,,,,,0,1,0,1,1,0,0,0,0,0,1,0,0,0,0,0,0,1,1,1,1,0,,,,,0,,0,0,,0.00,,,,
Explicit Public Function,"nlohmann::detail::json_reverse_iterator::json_reverse_iterator(const int)",,,,0,1,0,,,,,,,,,,,,,,,,,,,,,,,,,,,,,,,0,1,0,1,1,0,0,0,0,0,1,0,0,0,0,0,0,1,1,1,1,0,,,,,0,,0,0,,0.00,,,,
Public Const Function,"nlohmann::detail::json_reverse_iterator::key()",,,,0,1,0,,,,,,,,,,,,,,,,,,,,,,,,,,,,,,,0,1,0,1,0,0,0,0,0,1,1,0,0,0,0,0,0,1,1,1,1,0,,,,,0,,0,0,,0.00,,,,
Public Const Function,"nlohmann::detail::json_reverse_iterator::operator+(int)",,,,0,1,0,,,,,,,,,,,,,,,,,,,,,,,,,,,,,,,0,1,0,1,1,0,0,0,0,1,1,0,0,0,0,0,0,1,1,1,1,0,,,,,0,,0,0,,0.00,,,,
Public Function,"nlohmann::detail::json_reverse_iterator::operator++()",,,,0,1,0,,,,,,,,,,,,,,,,,,,,,,,,,,,,,,,0,1,0,1,1,0,0,0,0,1,1,0,0,0,0,0,0,1,1,1,1,0,,,,,0,,0,0,,0.00,,,,
Public Function,"nlohmann::detail::json_reverse_iterator::operator++(int)",,,,0,1,0,,,,,,,,,,,,,,,,,,,,,,,,,,,,,,,0,1,0,1,1,0,0,0,0,1,1,0,0,0,0,0,0,1,1,1,1,0,,,,,0,,0,0,,0.00,,,,
Public Function,"nlohmann::detail::json_reverse_iterator::operator+=(int)",,,,0,1,0,,,,,,,,,,,,,,,,,,,,,,,,,,,,,,,0,1,0,1,1,0,0,0,0,1,1,0,0,0,0,0,0,1,1,1,1,0,,,,,0,,0,0,,0.00,,,,
Public Const Function,"nlohmann::detail::json_reverse_iterator::operator-(const json_reverse_iterator<Base> &)",,,,0,1,0,,,,,,,,,,,,,,,,,,,,,,,,,,,,,,,0,1,0,1,0,0,0,0,0,1,1,0,0,0,0,0,0,1,1,1,1,0,,,,,0,,0,0,,0.00,,,,
Public Const Function,"nlohmann::detail::json_reverse_iterator::operator-(int)",,,,0,1,0,,,,,,,,,,,,,,,,,,,,,,,,,,,,,,,0,1,0,1,1,0,0,0,0,1,1,0,0,0,0,0,0,1,1,1,1,0,,,,,0,,0,0,,0.00,,,,
Public Function,"nlohmann::detail::json_reverse_iterator::operator--()",,,,0,1,0,,,,,,,,,,,,,,,,,,,,,,,,,,,,,,,0,1,0,1,1,0,0,0,0,1,1,0,0,0,0,0,0,1,1,1,1,0,,,,,0,,0,0,,0.00,,,,
Public Function,"nlohmann::detail::json_reverse_iterator::operator--(int)",,,,0,1,0,,,,,,,,,,,,,,,,,,,,,,,,,,,,,,,0,1,0,1,1,0,0,0,0,1,1,0,0,0,0,0,0,1,1,1,1,0,,,,,0,,0,0,,0.00,,,,
Public Const Function,"nlohmann::detail::json_reverse_iterator::operator[](int)",,,,0,1,0,,,,,,,,,,,,,,,,,,,,,,,,,,,,,,,0,1,0,1,1,0,0,0,0,1,1,0,0,0,0,0,0,1,1,1,1,0,,,,,0,,0,0,,0.00,,,,
Public Const Function,"nlohmann::detail::json_reverse_iterator::value()",,,,0,1,0,,,,,,,,,,,,,,,,,,,,,,,,,,,,,,,0,1,0,1,1,0,0,0,0,1,1,0,0,0,0,0,0,1,1,1,1,0,,,,,0,,0,0,,0.00,,,,
Class Template,"nlohmann::detail::json_sax_acceptor",0,1,0,13,61,10,1,1,1,1,1,0,1,0,0,1,0,,0,0,,,,,13,0,0,0,0,13,13,0,0,0,0,13,,74,13,61,14,2,10,0,0,,,,,19,19,0,0,,,,,,1,1,1,1,,0,0,,0,0.16,13,13,13,13
Public Function,"nlohmann::detail::json_sax_acceptor::binary(nlohmann::detail::json_sax_acceptor::binary_t &)",,,,0,1,1,,,,,,,,,,,,,,,,,,,,,,,,,,,,,,,0,1,0,1,1,0,1,0,0,1,1,0,0,0,0,0,0,1,1,1,1,0,,,,,0,,0,0,,1.00,,,,
Public Function,"nlohmann::detail::json_sax_acceptor::boolean(bool)",,,,0,1,1,,,,,,,,,,,,,,,,,,,,,,,,,,,,,,,0,1,0,1,1,0,1,0,0,1,1,0,0,0,0,0,0,1,1,1,1,0,,,,,0,,0,0,,1.00,,,,
Public Function,"nlohmann::detail::json_sax_acceptor::end_array()",,,,0,1,0,,,,,,,,,,,,,,,,,,,,,,,,,,,,,,,0,1,0,1,1,0,0,0,0,1,1,0,0,0,0,0,0,1,1,1,1,0,,,,,0,,0,0,,0.00,,,,
Public Function,"nlohmann::detail::json_sax_acceptor::end_object()",,,,0,1,0,,,,,,,,,,,,,,,,,,,,,,,,,,,,,,,0,1,0,1,1,0,0,0,0,1,1,0,0,0,0,0,0,1,1,1,1,0,,,,,0,,0,0,,0.00,,,,
Public Function,"nlohmann::detail::json_sax_acceptor::key(nlohmann::detail::json_sax_acceptor::string_t &)",,,,0,1,1,,,,,,,,,,,,,,,,,,,,,,,,,,,,,,,0,1,0,1,1,0,1,0,0,1,1,0,0,0,0,0,0,1,1,1,1,0,,,,,0,,0,0,,1.00,,,,
Public Function,"nlohmann::detail::json_sax_acceptor::null()",,,,0,1,0,,,,,,,,,,,,,,,,,,,,,,,,,,,,,,,0,1,0,1,1,0,0,0,0,1,1,0,0,0,0,0,0,1,1,1,1,0,,,,,0,,0,0,,0.00,,,,
Public Function,"nlohmann::detail::json_sax_acceptor::number_float(nlohmann::detail::json_sax_acceptor::number_float_t,const nlohmann::detail::json_sax_acceptor::string_t &)",,,,0,1,1,,,,,,,,,,,,,,,,,,,,,,,,,,,,,,,0,1,0,1,1,0,1,0,0,1,1,0,0,0,0,0,0,1,1,1,1,0,,,,,0,,0,0,,1.00,,,,
Public Function,"nlohmann::detail::json_sax_acceptor::number_integer(nlohmann::detail::json_sax_acceptor::number_integer_t)",,,,0,1,1,,,,,,,,,,,,,,,,,,,,,,,,,,,,,,,0,1,0,1,1,0,1,0,0,1,1,0,0,0,0,0,0,1,1,1,1,0,,,,,0,,0,0,,1.00,,,,
Public Function,"nlohmann::detail::json_sax_acceptor::number_unsigned(nlohmann::detail::json_sax_acceptor::number_unsigned_t)",,,,0,1,1,,,,,,,,,,,,,,,,,,,,,,,,,,,,,,,0,1,0,1,1,0,1,0,0,1,1,0,0,0,0,0,0,1,1,1,1,0,,,,,0,,0,0,,1.00,,,,
Public Function,"nlohmann::detail::json_sax_acceptor::parse_error(int,const int &,const detail::exception &)",,,,0,1,1,,,,,,,,,,,,,,,,,,,,,,,,,,,,,,,0,1,0,1,1,0,1,0,0,1,1,0,0,0,0,0,0,1,1,1,1,0,,,,,0,,0,0,,1.00,,,,
Public Function,"nlohmann::detail::json_sax_acceptor::start_array(int)",,,,0,1,1,,,,,,,,,,,,,,,,,,,,,,,,,,,,,,,0,1,0,1,1,1,1,0,0,1,1,0,0,0,0,0,0,1,1,1,1,0,,,,,0,,0,0,,1.00,,,,
Public Function,"nlohmann::detail::json_sax_acceptor::start_object(int)",,,,0,1,1,,,,,,,,,,,,,,,,,,,,,,,,,,,,,,,0,1,0,1,1,1,1,0,0,1,1,0,0,0,0,0,0,1,1,1,1,0,,,,,0,,0,0,,1.00,,,,
Public Function,"nlohmann::detail::json_sax_acceptor::string(nlohmann::detail::json_sax_acceptor::string_t &)",,,,0,1,1,,,,,,,,,,,,,,,,,,,,,,,,,,,,,,,0,1,0,1,1,0,1,0,0,1,1,0,0,0,0,0,0,1,1,1,1,0,,,,,0,,0,0,,1.00,,,,
Class Template,"nlohmann::detail::json_sax_dom_callback_parser",0,1,0,45,204,47,1,1,1,1,1,0,1,0,0,0,0,,0,0,,,,,21,6,6,0,0,21,21,1,0,1,0,20,,294,45,204,19,3,47,0,0,,,,,42,41,0,1,,,,,,1,1,1,1,,0,0,,99,0.23,16,16,16,16
Public Function,"nlohmann::detail::json_sax_dom_callback_parser::binary(nlohmann::detail::json_sax_dom_callback_parser::binary_t &)",,,,0,1,0,,,,,,,,,,,,,,,,,,,,,,,,,,,,,,,0,1,0,1,1,0,0,0,0,1,1,0,0,0,0,0,0,1,1,1,1,0,,,,,0,,0,0,,0.00,,,,
Public Function,"nlohmann::detail::json_sax_dom_callback_parser::boolean(bool)",,,,0,1,0,,,,,,,,,,,,,,,,,,,,,,,,,,,,,,,0,1,0,1,1,0,0,0,0,1,1,0,0,0,0,0,0,1,1,1,1,0,,,,,0,,0,0,,0.00,,,,
Public Function,"nlohmann::detail::json_sax_dom_callback_parser::end_array()",,,,0,1,0,,,,,,,,,,,,,,,,,,,,,,,,,,,,,,,0,1,0,1,1,0,0,0,0,1,1,0,0,0,0,0,0,1,1,1,1,0,,,,,0,,0,0,,0.00,,,,
Public Function,"nlohmann::detail::json_sax_dom_callback_parser::end_object()",,,,0,1,0,,,,,,,,,,,,,,,,,,,,,,,,,,,,,,,0,1,0,1,1,0,0,0,0,1,1,0,0,0,0,0,0,1,1,1,1,0,,,,,0,,0,0,,0.00,,,,
Private Function Template,"nlohmann::detail::json_sax_dom_callback_parser::handle_value(Value &&,const bool)",,,,0,1,0,,,,,,,,,,,,,,,,,,,,,,,,,,,,,,,0,1,0,1,0,1,0,0,0,1,1,0,0,0,0,0,0,1,1,1,1,0,,,,,0,,0,0,,0.00,,,,
Public Const Function,"nlohmann::detail::json_sax_dom_callback_parser::is_errored()",,,,0,4,0,,,,,,,,,,,,,,,,,,,,,,,,,,,,,,,1,4,0,4,1,1,0,0,0,1,1,0,1,1,0,0,1,1,1,1,1,0,,,,,0,,0,0,,0.00,,,,
Public Function,"nlohmann::detail::json_sax_dom_callback_parser::json_sax_dom_callback_parser(BasicJsonType &,const nlohmann::detail::json_sax_dom_callback_parser::parser_callback_t,const bool)",,,,0,3,0,,,,,,,,,,,,,,,,,,,,,,,,,,,,,,,0,3,0,3,3,1,0,0,0,0,1,0,0,0,0,0,0,1,1,1,1,0,,,,,0,,0,0,,0.00,,,,
Public Function,"nlohmann::detail::json_sax_dom_callback_parser::key(nlohmann::detail::json_sax_dom_callback_parser::string_t &)",,,,0,1,0,,,,,,,,,,,,,,,,,,,,,,,,,,,,,,,0,1,0,1,1,0,0,0,0,1,1,0,0,0,0,0,0,1,1,1,1,0,,,,,0,,0,0,,0.00,,,,
Public Function,"nlohmann::detail::json_sax_dom_callback_parser::null()",,,,0,1,0,,,,,,,,,,,,,,,,,,,,,,,,,,,,,,,0,1,0,1,1,0,0,0,0,1,1,0,0,0,0,0,0,1,1,1,1,0,,,,,0,,0,0,,0.00,,,,
Public Function,"nlohmann::detail::json_sax_dom_callback_parser::number_float(nlohmann::detail::json_sax_dom_callback_parser::number_float_t,const nlohmann::detail::json_sax_dom_callback_parser::string_t &)",,,,0,1,1,,,,,,,,,,,,,,,,,,,,,,,,,,,,,,,0,1,0,1,1,0,1,0,0,1,1,0,0,0,0,0,0,1,1,1,1,0,,,,,0,,0,0,,1.00,,,,
Public Function,"nlohmann::detail::json_sax_dom_callback_parser::number_integer(nlohmann::detail::json_sax_dom_callback_parser::number_integer_t)",,,,0,1,0,,,,,,,,,,,,,,,,,,,,,,,,,,,,,,,0,1,0,1,1,0,0,0,0,1,1,0,0,0,0,0,0,1,1,1,1,0,,,,,0,,0,0,,0.00,,,,
Public Function,"nlohmann::detail::json_sax_dom_callback_parser::number_unsigned(nlohmann::detail::json_sax_dom_callback_parser::number_unsigned_t)",,,,0,1,0,,,,,,,,,,,,,,,,,,,,,,,,,,,,,,,0,1,0,1,1,0,0,0,0,1,1,0,0,0,0,0,0,1,1,1,1,0,,,,,0,,0,0,,0.00,,,,
Public Function Template,"nlohmann::detail::json_sax_dom_callback_parser::parse_error(int,const int &,const Exception &)",,,,0,2,1,,,,,,,,,,,,,,,,,,,,,,,,,,,,,,,0,2,0,2,2,0,1,0,0,1,1,0,0,0,0,0,0,1,1,1,1,0,,,,,0,,0,0,,0.50,,,,
Public Function,"nlohmann::detail::json_sax_dom_callback_parser::start_array(int)",,,,0,1,0,,,,,,,,,,,,,,,,,,,,,,,,,,,,,,,0,1,0,1,1,0,0,0,0,1,1,0,0,0,0,0,0,1,1,1,1,0,,,,,0,,0,0,,0.00,,,,
Public Function,"nlohmann::detail::json_sax_dom_callback_parser::start_object(int)",,,,0,1,0,,,,,,,,,,,,,,,,,,,,,,,,,,,,,,,0,1,0,1,1,0,0,0,0,1,1,0,0,0,0,0,0,1,1,1,1,0,,,,,0,,0,0,,0.00,,,,
Public Function,"nlohmann::detail::json_sax_dom_callback_parser::string(nlohmann::detail::json_sax_dom_callback_parser::string_t &)",,,,0,1,0,,,,,,,,,,,,,,,,,,,,,,,,,,,,,,,0,1,0,1,1,0,0,0,0,1,1,0,0,0,0,0,0,1,1,1,1,0,,,,,0,,0,0,,0.00,,,,
Class Template,"nlohmann::detail::json_sax_dom_parser",0,1,0,25,129,20,1,1,1,1,1,0,1,0,0,0,0,,0,0,,,,,21,4,4,0,0,21,21,1,0,1,0,20,,172,25,129,18,2,20,0,0,,,,,36,35,0,1,,,,,,1,1,1,1,,0,0,,98,0.16,16,16,16,16
Public Function,"nlohmann::detail::json_sax_dom_parser::binary(nlohmann::detail::json_sax_dom_parser::binary_t &)",,,,0,1,0,,,,,,,,,,,,,,,,,,,,,,,,,,,,,,,0,1,0,1,1,0,0,0,0,1,1,0,0,0,0,0,0,1,1,1,1,0,,,,,0,,0,0,,0.00,,,,
Public Function,"nlohmann::detail::json_sax_dom_parser::boolean(bool)",,,,0,1,0,,,,,,,,,,,,,,,,,,,,,,,,,,,,,,,0,1,0,1,1,0,0,0,0,1,1,0,0,0,0,0,0,1,1,1,1,0,,,,,0,,0,0,,0.00,,,,
Public Function,"nlohmann::detail::json_sax_dom_parser::end_array()",,,,0,1,0,,,,,,,,,,,,,,,,,,,,,,,,,,,,,,,0,1,0,1,1,0,0,0,0,1,1,0,0,0,0,0,0,1,1,1,1,0,,,,,0,,0,0,,0.00,,,,
Public Function,"nlohmann::detail::json_sax_dom_parser::end_object()",,,,0,1,0,,,,,,,,,,,,,,,,,,,,,,,,,,,,,,,0,1,0,1,1,0,0,0,0,1,1,0,0,0,0,0,0,1,1,1,1,0,,,,,0,,0,0,,0.00,,,,
Private Function Template,"nlohmann::detail::json_sax_dom_parser::handle_value(Value &&)",,,,0,2,0,,,,,,,,,,,,,,,,,,,,,,,,,,,,,,,0,2,0,2,1,0,0,0,0,1,1,0,0,0,0,0,0,1,1,1,1,0,,,,,0,,0,0,,0.00,,,,
Public Const Function,"nlohmann::detail::json_sax_dom_parser::is_errored()",,,,0,4,0,,,,,,,,,,,,,,,,,,,,,,,,,,,,,,,1,4,0,4,1,1,0,0,0,1,1,0,1,1,0,0,1,1,1,1,1,0,,,,,0,,0,0,,0.00,,,,
Explicit Public Function,"nlohmann::detail::json_sax_dom_parser::json_sax_dom_parser(BasicJsonType &,const bool)",,,,0,1,0,,,,,,,,,,,,,,,,,,,,,,,,,,,,,,,0,1,0,1,1,1,0,0,0,0,1,0,0,0,0,0,0,1,1,1,1,0,,,,,0,,0,0,,0.00,,,,
Public Function,"nlohmann::detail::json_sax_dom_parser::key(nlohmann::detail::json_sax_dom_parser::string_t &)",,,,0,1,0,,,,,,,,,,,,,,,,,,,,,,,,,,,,,,,0,1,0,1,1,0,0,0,0,1,1,0,0,0,0,0,0,1,1,1,1,0,,,,,0,,0,0,,0.00,,,,
Public Function,"nlohmann::detail::json_sax_dom_parser::null()",,,,0,1,0,,,,,,,,,,,,,,,,,,,,,,,,,,,,,,,0,1,0,1,1,0,0,0,0,1,1,0,0,0,0,0,0,1,1,1,1,0,,,,,0,,0,0,,0.00,,,,
Public Function,"nlohmann::detail::json_sax_dom_parser::number_float(nlohmann::detail::json_sax_dom_parser::number_float_t,const nlohmann::detail::json_sax_dom_parser::string_t &)",,,,0,1,1,,,,,,,,,,,,,,,,,,,,,,,,,,,,,,,0,1,0,1,1,0,1,0,0,1,1,0,0,0,0,0,0,1,1,1,1,0,,,,,0,,0,0,,1.00,,,,
Public Function,"nlohmann::detail::json_sax_dom_parser::number_integer(nlohmann::detail::json_sax_dom_parser::number_integer_t)",,,,0,1,0,,,,,,,,,,,,,,,,,,,,,,,,,,,,,,,0,1,0,1,1,0,0,0,0,1,1,0,0,0,0,0,0,1,1,1,1,0,,,,,0,,0,0,,0.00,,,,
Public Function,"nlohmann::detail::json_sax_dom_parser::number_unsigned(nlohmann::detail::json_sax_dom_parser::number_unsigned_t)",,,,0,1,0,,,,,,,,,,,,,,,,,,,,,,,,,,,,,,,0,1,0,1,1,0,0,0,0,1,1,0,0,0,0,0,0,1,1,1,1,0,,,,,0,,0,0,,0.00,,,,
Public Function Template,"nlohmann::detail::json_sax_dom_parser::parse_error(int,const int &,const Exception &)",,,,0,2,1,,,,,,,,,,,,,,,,,,,,,,,,,,,,,,,0,2,0,2,2,0,1,0,0,1,1,0,0,0,0,0,0,1,1,1,1,0,,,,,0,,0,0,,0.50,,,,
Public Function,"nlohmann::detail::json_sax_dom_parser::start_array(int)",,,,0,1,0,,,,,,,,,,,,,,,,,,,,,,,,,,,,,,,0,1,0,1,1,0,0,0,0,1,1,0,0,0,0,0,0,1,1,1,1,0,,,,,0,,0,0,,0.00,,,,
Public Function,"nlohmann::detail::json_sax_dom_parser::start_object(int)",,,,0,1,0,,,,,,,,,,,,,,,,,,,,,,,,,,,,,,,0,1,0,1,1,0,0,0,0,1,1,0,0,0,0,0,0,1,1,1,1,0,,,,,0,,0,0,,0.00,,,,
Public Function,"nlohmann::detail::json_sax_dom_parser::string(nlohmann::detail::json_sax_dom_parser::string_t &)",,,,0,1,0,,,,,,,,,,,,,,,,,,,,,,,,,,,,,,,0,1,0,1,1,0,0,0,0,1,1,0,0,0,0,0,0,1,1,1,1,0,,,,,0,,0,0,,0.00,,,,
Class Template,"nlohmann::detail::lexer",0,1,0,164,1112,247,1,1,1,1,1,0,1,0,1,1,0,,4,0,,,,,26,8,8,0,0,30,31,6,0,14,0,16,,1519,164,1112,25,5,247,0,0,,,,,56,52,0,4,,,,,,1,1,1,1,,1,0,,98,0.22,25,25,25,25
Private Function,"nlohmann::detail::lexer::add(int)",,,,0,1,0,,,,,,,,,,,,,,,,,,,,,,,,,,,,,,,0,1,0,1,1,0,0,0,0,0,1,0,0,0,0,0,0,1,1,1,1,0,,,,,0,,0,0,,0.00,,,,
Private Function,"nlohmann::detail::lexer::get()",,,,0,1,0,,,,,,,,,,,,,,,,,,,,,,,,,,,,,,,0,1,0,1,0,0,0,0,0,1,1,0,0,0,0,0,0,1,1,1,1,0,,,,,0,,0,0,,0.00,,,,
Private Function,"nlohmann::detail::lexer::get_codepoint()",,,,0,1,0,,,,,,,,,,,,,,,,,,,,,,,,,,,,,,,0,1,0,1,1,0,0,0,0,1,1,0,0,0,0,0,0,1,1,1,1,0,,,,,0,,0,0,,0.00,,,,
Private Static Function,"nlohmann::detail::lexer::get_decimal_point()",,,,0,2,0,,,,,,,,,,,,,,,,,,,,,,,,,,,,,,,0,2,0,2,1,0,0,0,0,1,1,0,0,0,0,0,0,1,1,1,1,0,,,,,0,,0,0,,0.00,,,,
Public Const Function,"nlohmann::detail::lexer::get_error_message()",,,,0,5,0,,,,,,,,,,,,,,,,,,,,,,,,,,,,,,,1,5,0,5,1,1,0,0,0,1,1,0,1,1,0,0,1,1,1,1,1,0,,,,,0,,0,0,,0.00,,,,
Public Const Function,"nlohmann::detail::lexer::get_number_float()",,,,0,4,0,,,,,,,,,,,,,,,,,,,,,,,,,,,,,,,1,4,0,4,1,1,0,0,0,1,1,0,1,1,0,0,1,1,1,1,1,0,,,,,0,,0,0,,0.00,,,,
Public Const Function,"nlohmann::detail::lexer::get_number_integer()",,,,0,4,0,,,,,,,,,,,,,,,,,,,,,,,,,,,,,,,1,4,0,4,1,1,0,0,0,1,1,0,1,1,0,0,1,1,1,1,1,0,,,,,0,,0,0,,0.00,,,,
Public Const Function,"nlohmann::detail::lexer::get_number_unsigned()",,,,0,4,0,,,,,,,,,,,,,,,,,,,,,,,,,,,,,,,1,4,0,4,1,1,0,0,0,1,1,0,1,1,0,0,1,1,1,1,1,0,,,,,0,,0,0,,0.00,,,,
Public Const Function,"nlohmann::detail::lexer::get_position()",,,,0,4,0,,,,,,,,,,,,,,,,,,,,,,,,,,,,,,,0,4,0,4,1,0,0,0,0,1,1,0,1,0,0,0,0,1,1,1,1,0,,,,,0,,0,0,,0.00,,,,
Public Function,"nlohmann::detail::lexer::get_string()",,,,0,1,0,,,,,,,,,,,,,,,,,,,,,,,,,,,,,,,0,1,0,1,1,0,0,0,0,1,1,0,0,0,0,0,0,1,1,1,1,0,,,,,0,,0,0,,0.00,,,,
Public Const Function,"nlohmann::detail::lexer::get_token_string()",,,,0,1,0,,,,,,,,,,,,,,,,,,,,,,,,,,,,,,,0,1,0,1,0,0,0,0,0,1,1,0,0,0,0,0,0,1,1,1,1,0,,,,,0,,0,0,,0.00,,,,
Explicit Public Function,"nlohmann::detail::lexer::lexer(InputAdapterType &&,bool)",,,,0,1,0,,,,,,,,,,,,,,,,,,,,,,,,,,,,,,,0,1,0,1,1,1,0,0,0,0,1,0,0,0,0,0,0,1,1,1,1,0,,,,,0,,0,0,,0.00,,,,
Private Function,"nlohmann::detail::lexer::next_byte_in_range(int)",,,,0,1,0,,,,,,,,,,,,,,,,,,,,,,,,,,,,,,,0,1,0,1,1,0,0,0,0,1,1,0,0,0,0,0,0,1,1,1,1,0,,,,,0,,0,0,,0.00,,,,
Private Function,"nlohmann::detail::lexer::reset()",,,,0,1,0,,,,,,,,,,,,,,,,,,,,,,,,,,,,,,,0,1,0,1,1,0,0,0,0,0,1,0,0,0,0,0,0,1,1,1,1,0,,,,,0,,0,0,,0.00,,,,
Public Function,"nlohmann::detail::lexer::scan()",,,,0,1,0,,,,,,,,,,,,,,,,,,,,,,,,,,,,,,,0,1,0,1,1,0,0,0,0,1,1,0,0,0,0,0,0,1,1,1,1,0,,,,,0,,0,0,,0.00,,,,
Private Function,"nlohmann::detail::lexer::scan_comment()",,,,0,1,0,,,,,,,,,,,,,,,,,,,,,,,,,,,,,,,0,1,0,1,1,0,0,0,0,1,1,0,0,0,0,0,0,1,1,1,1,0,,,,,0,,0,0,,0.00,,,,
Private Function,"nlohmann::detail::lexer::scan_literal(const nlohmann::detail::lexer::char_type *,const int,nlohmann::detail::lexer::token_type)",,,,0,3,0,,,,,,,,,,,,,,,,,,,,,,,,,,,,,,,0,3,0,3,2,0,0,0,0,1,1,0,0,0,0,0,0,1,1,1,1,0,,,,,0,,0,0,,0.00,,,,
Private Function,"nlohmann::detail::lexer::scan_number()",,,,0,1,0,,,,,,,,,,,,,,,,,,,,,,,,,,,,,,,0,1,0,1,1,0,0,0,0,1,1,0,0,0,0,0,0,1,1,1,1,0,,,,,0,,0,0,,0.00,,,,
Private Function,"nlohmann::detail::lexer::scan_string()",,,,0,1,0,,,,,,,,,,,,,,,,,,,,,,,,,,,,,,,0,1,0,1,1,0,0,0,0,1,1,0,0,0,0,0,0,1,1,1,1,0,,,,,0,,0,0,,0.00,,,,
Public Function,"nlohmann::detail::lexer::skip_bom()",,,,0,1,0,,,,,,,,,,,,,,,,,,,,,,,,,,,,,,,0,1,0,1,1,0,0,0,0,1,1,0,0,0,0,0,0,1,1,1,1,0,,,,,0,,0,0,,0.00,,,,
Public Function,"nlohmann::detail::lexer::skip_whitespace()",,,,0,1,0,,,,,,,,,,,,,,,,,,,,,,,,,,,,,,,0,1,0,1,1,0,0,0,0,0,1,0,0,0,0,0,0,1,1,1,1,0,,,,,0,,0,0,,0.00,,,,
Private Static Function,"nlohmann::detail::lexer::strtof(double &,const char *,char **)",,,,0,2,0,,,,,,,,,,,,,,,,,,,,,,,,,,,,,,,0,2,0,2,1,0,0,0,0,0,1,0,0,0,0,0,0,1,1,1,1,0,,,,,0,,0,0,,0.00,,,,
Private Static Function,"nlohmann::detail::lexer::strtof(float &,const char *,char **)",,,,0,2,0,,,,,,,,,,,,,,,,,,,,,,,,,,,,,,,0,2,0,2,1,0,0,0,0,0,1,0,0,0,0,0,0,1,1,1,1,0,,,,,0,,0,0,,0.00,,,,
Private Static Function,"nlohmann::detail::lexer::strtof(long double &,const char *,char **)",,,,0,2,0,,,,,,,,,,,,,,,,,,,,,,,,,,,,,,,0,2,0,2,1,0,0,0,0,0,1,0,0,0,0,0,0,1,1,1,1,0,,,,,0,,0,0,,0.00,,,,
Private Function,"nlohmann::detail::lexer::unget()",,,,0,1,0,,,,,,,,,,,,,,,,,,,,,,,,,,,,,,,0,1,0,1,1,0,0,0,0,0,1,0,0,0,0,0,0,1,1,1,1,0,,,,,0,,0,0,,0.00,,,,
Class Template,"nlohmann::detail::lexer_base",0,3,0,1,66,22,1,1,1,1,3,0,3,0,0,0,1,,1,0,,,,,0,0,0,0,0,1,1,0,0,0,0,1,,71,1,66,2,0,22,0,0,,,,,20,20,0,0,,,,,,1,1,1,1,,0,0,,0,0.33,1,1,1,1
Public Static Function,"nlohmann::detail::lexer_base::token_type_name(const nlohmann::detail::lexer_base::token_type)",,,,0,3,0,,,,,,,,,,,,,,,,,,,,,,,,,,,,,,,0,3,0,3,1,0,0,0,0,1,1,0,0,0,0,0,0,1,1,1,1,0,,,,,0,,0,0,,0.00,,,,
Static Function,"nlohmann::detail::little_endianess(int)",,,,0,4,0,,,,,,,,,,,,,,,,,,,,,,,,,,,,,,,2,4,0,4,1,2,0,0,0,1,1,0,1,1,0,0,1,1,1,1,1,0,,,,,0,,0,0,,0.00,,,,
Struct Template,"nlohmann::detail::make_void",0,0,0,0,4,0,0,0,0,0,0,0,0,0,0,0,0,,0,0,,,,,0,0,0,0,0,0,0,0,0,0,0,0,,4,0,4,1,0,0,0,0,,,,,1,1,0,0,,,,,,0,0,0,0,,0,0,,0,0.00,0,0,0,0
Struct,"nlohmann::detail::nonesuch",0,0,0,0,9,0,0,0,0,0,0,0,0,0,0,0,0,,0,0,,,,,6,0,0,0,0,6,6,0,0,0,0,6,,9,0,9,1,0,0,0,0,,,,,6,6,0,0,,,,,,0,0,0,0,,0,0,,0,0.00,0,0,0,0
Function,"nlohmann::detail::operator+(nlohmann::detail::iter_impl::difference_type,const iter_impl<BasicJsonType> &)",,,,0,1,0,,,,,,,,,,,,,,,,,,,,,,,,,,,,,,,0,1,0,1,1,0,0,0,0,1,1,0,0,0,0,0,0,1,1,1,1,0,,,,,0,,0,0,,0.00,,,,
Function,"nlohmann::detail::operator-(nlohmann::detail::primitive_iterator_t,nlohmann::detail::primitive_iterator_t)",,,,0,4,0,,,,,,,,,,,,,,,,,,,,,,,,,,,,,,,0,4,0,4,0,0,0,0,0,1,1,0,1,0,0,0,0,1,1,1,1,0,,,,,0,,0,0,,0.00,,,,
Function,"nlohmann::detail::operator<(const nlohmann::detail::value_t,const nlohmann::detail::value_t)",,,,1,12,3,,,,,,,,,,,,,,,,,,,,,,,,,,,,,,,3,13,1,12,4,2,3,0,0,1,1,0,4,3,3,0,0,1,1,1,1,0,,,,,0,,0,0,,0.25,,,,
Function,"nlohmann::detail::operator<(nlohmann::detail::primitive_iterator_t,nlohmann::detail::primitive_iterator_t)",,,,0,4,0,,,,,,,,,,,,,,,,,,,,,,,,,,,,,,,0,4,0,4,1,0,0,0,0,1,1,0,1,0,0,0,0,1,1,1,1,0,,,,,0,,0,0,,0.00,,,,
Function,"nlohmann::detail::operator==(nlohmann::detail::primitive_iterator_t,nlohmann::detail::primitive_iterator_t)",,,,0,4,0,,,,,,,,,,,,,,,,,,,,,,,,,,,,,,,0,4,0,4,1,0,0,0,0,1,1,0,1,0,0,0,0,1,1,1,1,0,,,,,0,,0,0,,0.00,,,,
Class,"nlohmann::detail::other_error",0,3,0,1,12,0,1,1,1,1,3,0,3,0,1,0,0,,1,0,,,,,3,0,0,0,0,4,11,0,0,1,0,3,,13,1,12,4,1,0,0,0,,,,,8,8,0,0,,,,,,1,1,1,1,,1,0,,0,0.00,2,2,2,2
Public Static Function,"nlohmann::detail::other_error::create(int,const int &)",,,,0,5,0,,,,,,,,,,,,,,,,,,,,,,,,,,,,,,,0,5,0,5,2,0,0,0,0,1,1,0,2,1,1,0,0,1,1,1,1,0,,,,,0,,0,0,,0.00,,,,
Private Function,"nlohmann::detail::other_error::other_error(int,const char *)",,,,0,2,0,,,,,,,,,,,,,,,,,,,,,,,,,,,,,,,2,2,0,2,1,1,0,0,0,1,1,0,0,0,0,0,0,1,1,1,1,0,,,,,0,,0,0,,0.00,,,,
Class,"nlohmann::detail::out_of_range",0,3,0,1,12,0,1,1,1,1,3,0,3,0,1,0,0,,1,0,,,,,3,0,0,0,0,4,11,0,0,1,0,3,,13,1,12,4,1,0,0,0,,,,,8,8,0,0,,,,,,1,1,1,1,,1,0,,0,0.00,2,2,2,2
Public Static Function,"nlohmann::detail::out_of_range::create(int,const int &)",,,,0,5,0,,,,,,,,,,,,,,,,,,,,,,,,,,,,,,,0,5,0,5,2,0,0,0,0,1,1,0,2,1,1,0,0,1,1,1,1,0,,,,,0,,0,0,,0.00,,,,
Private Function,"nlohmann::detail::out_of_range::out_of_range(int,const char *)",,,,0,2,0,,,,,,,,,,,,,,,,,,,,,,,,,,,,,,,2,2,0,2,1,1,0,0,0,1,1,0,0,0,0,0,0,1,1,1,1,0,,,,,0,,0,0,,0.00,,,,
Class Template,"nlohmann::detail::output_adapter",0,1,0,4,16,0,1,1,1,1,1,0,1,0,0,0,0,,0,0,,,,,3,0,0,0,0,3,3,0,0,0,0,3,,20,4,16,4,0,0,0,0,,,,,4,4,0,0,,,,,,1,1,1,1,,0,0,,0,0.00,3,3,3,3
Public Function,"nlohmann::detail::output_adapter::output_adapter(StringType &)",,,,0,1,0,,,,,,,,,,,,,,,,,,,,,,,,,,,,,,,0,1,0,1,1,0,0,0,0,0,1,0,0,0,0,0,0,1,1,1,1,0,,,,,0,,0,0,,0.00,,,,
Public Function,"nlohmann::detail::output_adapter::output_adapter(int &)",,,,0,1,0,,,,,,,,,,,,,,,,,,,,,,,,,,,,,,,0,1,0,1,1,0,0,0,0,0,1,0,0,0,0,0,0,1,1,1,1,0,,,,,0,,0,0,,0.00,,,,
Public Function,"nlohmann::detail::output_adapter::output_adapter(int &)",,,,0,1,0,,,,,,,,,,,,,,,,,,,,,,,,,,,,,,,0,1,0,1,1,0,0,0,0,0,1,0,0,0,0,0,0,1,1,1,1,0,,,,,0,,0,0,,0.00,,,,
Abstract Struct Template,"nlohmann::detail::output_adapter_protocol",0,0,0,0,6,0,0,0,0,0,0,0,0,0,0,0,3,,0,0,,,,,3,0,0,0,0,3,3,0,0,0,0,3,,6,0,6,1,0,0,0,0,,,,,3,3,0,0,,,,,,0,0,0,0,,0,0,,0,0.00,0,0,0,0
Class Template,"nlohmann::detail::output_stream_adapter",0,1,0,3,18,0,1,1,1,1,1,0,1,0,1,0,0,,0,0,,,,,3,0,0,0,0,3,6,0,0,0,0,3,,21,3,18,4,0,0,0,0,,,,,6,6,0,0,,,,,,1,1,1,1,,1,0,,0,0.00,3,3,3,3
Explicit Public Function,"nlohmann::detail::output_stream_adapter::output_stream_adapter(int &)",,,,0,1,0,,,,,,,,,,,,,,,,,,,,,,,,,,,,,,,0,1,0,1,1,0,0,0,0,0,1,0,0,0,0,0,0,1,1,1,1,0,,,,,0,,0,0,,0.00,,,,
Public Function,"nlohmann::detail::output_stream_adapter::write_character(CharType)",,,,0,1,0,,,,,,,,,,,,,,,,,,,,,,,,,,,,,,,0,1,0,1,1,0,0,0,0,0,1,0,0,0,0,0,0,1,1,1,1,0,,,,,0,,0,0,,0.00,,,,
Public Function,"nlohmann::detail::output_stream_adapter::write_characters(const CharType *,int)",,,,0,2,0,,,,,,,,,,,,,,,,,,,,,,,,,,,,,,,0,2,0,2,1,0,0,0,0,0,1,0,0,0,0,0,0,1,1,1,1,0,,,,,0,,0,0,,0.00,,,,
Class Template,"nlohmann::detail::output_string_adapter",0,1,0,3,18,0,1,1,1,1,1,0,1,0,1,0,0,,0,0,,,,,3,1,1,0,0,3,6,0,0,0,0,3,,21,3,18,4,0,0,0,0,,,,,6,6,0,0,,,,,,1,1,1,1,,1,0,,100,0.00,3,3,3,3
Explicit Public Function,"nlohmann::detail::output_string_adapter::output_string_adapter(StringType &)",,,,0,1,0,,,,,,,,,,,,,,,,,,,,,,,,,,,,,,,0,1,0,1,1,0,0,0,0,0,1,0,0,0,0,0,0,1,1,1,1,0,,,,,0,,0,0,,0.00,,,,
Public Function,"nlohmann::detail::output_string_adapter::write_character(CharType)",,,,0,1,0,,,,,,,,,,,,,,,,,,,,,,,,,,,,,,,0,1,0,1,1,0,0,0,0,0,1,0,0,0,0,0,0,1,1,1,1,0,,,,,0,,0,0,,0.00,,,,
Public Function,"nlohmann::detail::output_string_adapter::write_characters(const CharType *,int)",,,,0,2,0,,,,,,,,,,,,,,,,,,,,,,,,,,,,,,,0,2,0,2,1,0,0,0,0,0,1,0,0,0,0,0,0,1,1,1,1,0,,,,,0,,0,0,,0.00,,,,
Class Template,"nlohmann::detail::output_vector_adapter",0,1,0,3,18,0,1,1,1,1,1,0,1,0,1,0,0,,0,0,,,,,3,0,0,0,0,3,6,0,0,0,0,3,,21,3,18,4,0,0,0,0,,,,,6,6,0,0,,,,,,1,1,1,1,,1,0,,0,0.00,3,3,3,3
Explicit Public Function,"nlohmann::detail::output_vector_adapter::output_vector_adapter(int &)",,,,0,1,0,,,,,,,,,,,,,,,,,,,,,,,,,,,,,,,0,1,0,1,1,0,0,0,0,0,1,0,0,0,0,0,0,1,1,1,1,0,,,,,0,,0,0,,0.00,,,,
Public Function,"nlohmann::detail::output_vector_adapter::write_character(CharType)",,,,0,1,0,,,,,,,,,,,,,,,,,,,,,,,,,,,,,,,0,1,0,1,1,0,0,0,0,0,1,0,0,0,0,0,0,1,1,1,1,0,,,,,0,,0,0,,0.00,,,,
Public Function,"nlohmann::detail::output_vector_adapter::write_characters(const CharType *,int)",,,,0,2,0,,,,,,,,,,,,,,,,,,,,,,,,,,,,,,,0,2,0,2,1,0,0,0,0,0,1,0,0,0,0,0,0,1,1,1,1,0,,,,,0,,0,0,,0.00,,,,
Class,"nlohmann::detail::parse_error",0,5,0,4,26,18,1,1,1,1,5,0,5,0,1,1,0,,3,0,,,,,3,0,0,0,0,6,13,0,0,2,0,4,,48,4,26,6,1,18,0,0,,,,,13,13,0,0,,,,,,1,1,1,1,,1,0,,0,0.69,4,4,4,4
Public Static Function,"nlohmann::detail::parse_error::create(int,const nlohmann::detail::position_t &,const int &)",,,,0,6,0,,,,,,,,,,,,,,,,,,,,,,,,,,,,,,,0,6,0,6,2,0,0,0,0,1,1,0,2,1,1,0,0,1,1,1,1,0,,,,,0,,0,0,,0.00,,,,
Public Static Function,"nlohmann::detail::parse_error::create(int,int,const int &)",,,,0,7,0,,,,,,,,,,,,,,,,,,,,,,,,,,,,,,,0,7,0,7,2,0,0,0,0,1,1,0,2,1,1,0,0,1,1,1,1,0,,,,,0,,0,0,,0.00,,,,
Private Function,"nlohmann::detail::parse_error::parse_error(int,int,const char *)",,,,0,2,0,,,,,,,,,,,,,,,,,,,,,,,,,,,,,,,2,2,0,2,1,1,0,0,0,1,1,0,0,0,0,0,0,1,1,1,1,0,,,,,0,,0,0,,0.00,,,,
Private Static Function,"nlohmann::detail::parse_error::position_string(const nlohmann::detail::position_t &)",,,,0,5,0,,,,,,,,,,,,,,,,,,,,,,,,,,,,,,,0,5,0,5,0,0,0,0,0,1,1,0,1,0,0,0,0,1,1,1,1,0,,,,,0,,0,0,,0.00,,,,
Class Template,"nlohmann::detail::parser",0,1,0,53,334,64,1,1,1,1,1,0,1,0,0,1,0,,0,0,,,,,7,3,3,0,0,7,7,0,0,3,0,4,,448,53,334,10,4,64,0,0,,,,,22,22,0,0,,,,,,1,1,1,1,,0,0,,100,0.19,7,7,7,7
Public Function,"nlohmann::detail::parser::accept(const bool)",,,,0,1,0,,,,,,,,,,,,,,,,,,,,,,,,,,,,,,,0,1,0,1,1,1,0,0,0,1,1,0,0,0,0,0,0,1,1,1,1,0,,,,,0,,0,0,,0.00,,,,
Private Function,"nlohmann::detail::parser::exception_message(const nlohmann::detail::parser::token_type,const int &)",,,,0,1,0,,,,,,,,,,,,,,,,,,,,,,,,,,,,,,,0,1,0,1,0,0,0,0,0,1,1,0,0,0,0,0,0,1,1,1,1,0,,,,,0,,0,0,,0.00,,,,
Private Function,"nlohmann::detail::parser::get_token()",,,,0,1,0,,,,,,,,,,,,,,,,,,,,,,,,,,,,,,,0,1,0,1,1,0,0,0,0,1,1,0,0,0,0,0,0,1,1,1,1,0,,,,,0,,0,0,,0.00,,,,
Public Function,"nlohmann::detail::parser::parse(const bool,BasicJsonType &)",,,,0,1,0,,,,,,,,,,,,,,,,,,,,,,,,,,,,,,,0,1,0,1,1,0,0,0,0,0,1,0,0,0,0,0,0,1,1,1,1,0,,,,,0,,0,0,,0.00,,,,
Explicit Public Function,"nlohmann::detail::parser::parser(InputAdapterType &&,const int,const bool,const bool)",,,,0,4,0,,,,,,,,,,,,,,,,,,,,,,,,,,,,,,,0,4,0,4,4,2,0,0,0,0,1,0,0,0,0,0,0,1,1,1,1,0,,,,,0,,0,0,,0.00,,,,
Public Function Template,"nlohmann::detail::parser::sax_parse(SAX *,const bool)",,,,0,2,0,,,,,,,,,,,,,,,,,,,,,,,,,,,,,,,0,2,0,2,1,1,0,0,0,1,1,0,0,0,0,0,0,1,1,1,1,0,,,,,0,,0,0,,0.00,,,,
Private Function Template,"nlohmann::detail::parser::sax_parse_internal(SAX *)",,,,0,2,0,,,,,,,,,,,,,,,,,,,,,,,,,,,,,,,0,2,0,2,1,0,0,0,0,1,1,0,0,0,0,0,0,1,1,1,1,0,,,,,0,,0,0,,0.00,,,,
Struct,"nlohmann::detail::position_t",0,4,0,1,10,4,1,1,1,1,4,0,4,0,0,0,0,,0,0,,,,,1,0,0,0,0,1,1,1,0,0,0,1,,15,1,10,2,0,4,0,0,,,,,4,4,0,0,,,,,,1,1,1,1,,0,0,,0,0.40,1,1,1,1
Public Const Function,"nlohmann::detail::position_t::operator unsigned long long()",,,,0,4,0,,,,,,,,,,,,,,,,,,,,,,,,,,,,,,,0,4,0,4,1,0,0,0,0,1,1,0,1,0,0,0,0,1,1,1,1,0,,,,,0,,0,0,,0.00,,,,
Class,"nlohmann::detail::primitive_iterator_t",0,4,0,16,80,5,1,1,1,1,4,0,4,0,0,0,0,,0,0,,,,,15,0,0,0,0,15,15,3,0,0,0,15,,101,16,80,15,10,5,0,0,,,,,37,30,0,7,,,,,,1,1,1,1,,0,0,,0,0.06,12,12,12,12
Public Const Function,"nlohmann::detail::primitive_iterator_t::get_value()",,,,0,4,0,,,,,,,,,,,,,,,,,,,,,,,,,,,,,,,0,4,0,4,0,0,0,0,0,1,1,0,1,0,0,0,0,1,1,1,1,0,,,,,0,,0,0,,0.00,,,,
Public Const Function,"nlohmann::detail::primitive_iterator_t::is_begin()",,,,0,4,0,,,,,,,,,,,,,,,,,,,,,,,,,,,,,,,0,4,0,4,1,0,0,0,0,1,1,0,1,0,0,0,0,1,1,1,1,0,,,,,0,,0,0,,0.00,,,,
Public Const Function,"nlohmann::detail::primitive_iterator_t::is_end()",,,,0,4,0,,,,,,,,,,,,,,,,,,,,,,,,,,,,,,,0,4,0,4,1,0,0,0,0,1,1,0,1,0,0,0,0,1,1,1,1,0,,,,,0,,0,0,,0.00,,,,
Public Function,"nlohmann::detail::primitive_iterator_t::operator+(int)",,,,0,6,0,,,,,,,,,,,,,,,,,,,,,,,,,,,,,,,0,6,0,6,2,2,0,0,0,3,1,0,3,2,1,0,1,1,1,1,1,0,,,,,0,,0,0,,0.00,,,,
Public Function,"nlohmann::detail::primitive_iterator_t::operator++()",,,,0,5,0,,,,,,,,,,,,,,,,,,,,,,,,,,,,,,,0,5,0,5,1,1,0,0,0,1,1,0,2,1,0,0,1,1,1,1,1,0,,,,,0,,0,0,,0.00,,,,
Public Function,"nlohmann::detail::primitive_iterator_t::operator++(int)",,,,0,6,0,,,,,,,,,,,,,,,,,,,,,,,,,,,,,,,0,6,0,6,2,2,0,0,0,3,1,0,3,2,1,0,1,1,1,1,1,0,,,,,0,,0,0,,0.00,,,,
Public Function,"nlohmann::detail::primitive_iterator_t::operator+=(int)",,,,0,5,0,,,,,,,,,,,,,,,,,,,,,,,,,,,,,,,0,5,0,5,1,1,0,0,0,1,1,0,2,1,0,0,1,1,1,1,1,0,,,,,0,,0,0,,0.00,,,,
Public Function,"nlohmann::detail::primitive_iterator_t::operator--()",,,,0,5,0,,,,,,,,,,,,,,,,,,,,,,,,,,,,,,,0,5,0,5,1,1,0,0,0,1,1,0,2,1,0,0,1,1,1,1,1,0,,,,,0,,0,0,,0.00,,,,
Public Function,"nlohmann::detail::primitive_iterator_t::operator--(int)",,,,0,6,0,,,,,,,,,,,,,,,,,,,,,,,,,,,,,,,0,6,0,6,2,2,0,0,0,3,1,0,3,2,1,0,1,1,1,1,1,0,,,,,0,,0,0,,0.00,,,,
Public Function,"nlohmann::detail::primitive_iterator_t::operator-=(int)",,,,0,5,0,,,,,,,,,,,,,,,,,,,,,,,,,,,,,,,0,5,0,5,1,1,0,0,0,1,1,0,2,1,0,0,1,1,1,1,1,0,,,,,0,,0,0,,0.00,,,,
Public Function,"nlohmann::detail::primitive_iterator_t::set_begin()",,,,0,4,0,,,,,,,,,,,,,,,,,,,,,,,,,,,,,,,0,4,0,4,1,0,0,0,0,0,1,0,1,0,0,0,0,1,1,1,1,0,,,,,0,,0,0,,0.00,,,,
Public Function,"nlohmann::detail::primitive_iterator_t::set_end()",,,,0,4,0,,,,,,,,,,,,,,,,,,,,,,,,,,,,,,,0,4,0,4,1,0,0,0,0,0,1,0,1,0,0,0,0,1,1,1,1,0,,,,,0,,0,0,,0.00,,,,
Struct Template,"nlohmann::detail::priority_tag",0,0,0,0,1,0,0,0,0,0,0,0,0,0,1,0,1,,0,0,,,,,0,0,0,0,0,0,0,0,0,0,0,0,,1,0,1,1,1,0,0,0,,,,,0,0,0,0,,,,,,0,0,0,0,,0,0,,0,0.00,0,0,0,0
Struct,"nlohmann::detail::priority_tag<0>",0,0,0,0,1,0,0,0,0,0,0,0,0,0,0,0,0,,0,0,,,,,0,0,0,0,0,0,0,0,0,0,0,0,,1,0,1,1,1,0,0,0,,,,,0,0,0,0,,,,,,0,0,0,0,,0,0,,0,0.00,0,0,0,0
Class Template,"nlohmann::detail::serializer",0,2,0,104,634,206,1,1,1,1,2,0,2,0,0,0,0,,0,0,,,,,9,5,5,0,0,9,9,0,0,2,0,7,,908,104,634,10,2,206,0,0,,,,,27,27,0,0,,,,,,1,1,1,1,,0,0,,100,0.32,4,4,4,4
Private Function,"nlohmann::detail::serializer::count_digits(nlohmann::detail::serializer::number_unsigned_t)",,,,0,1,0,,,,,,,,,,,,,,,,,,,,,,,,,,,,,,,0,1,0,1,1,0,0,0,0,1,1,0,0,0,0,0,0,1,1,1,1,0,,,,,0,,0,0,,0.00,,,,
Public Function,"nlohmann::detail::serializer::dump(const BasicJsonType &,const bool,const bool,const unsigned int,const unsigned int)",,,,0,5,0,,,,,,,,,,,,,,,,,,,,,,,,,,,,,,,0,5,0,5,5,1,0,0,0,0,1,0,0,0,0,0,0,1,1,1,1,0,,,,,0,,0,0,,0.00,,,,
Private Function,"nlohmann::detail::serializer::dump_escaped(const nlohmann::detail::serializer::string_t &,const bool)",,,,0,1,0,,,,,,,,,,,,,,,,,,,,,,,,,,,,,,,0,1,0,1,1,0,0,0,0,0,1,0,0,0,0,0,0,1,1,1,1,0,,,,,0,,0,0,,0.00,,,,
Public Function,"nlohmann::detail::serializer::serializer(int,const char,nlohmann::detail::error_handler_t)",,,,0,2,0,,,,,,,,,,,,,,,,,,,,,,,,,,,,,,,0,2,0,2,2,1,0,0,0,0,1,0,0,0,0,0,0,1,1,1,1,0,,,,,0,,0,0,,0.00,,,,
Struct Template,"nlohmann::detail::static_const",0,0,0,0,4,0,0,0,0,0,0,0,0,0,0,0,0,,0,1,,,,,0,0,0,0,0,0,0,0,0,0,0,0,,4,0,4,1,0,0,0,0,,,,,1,1,0,0,,,,,,0,0,0,0,,0,0,,0,0.00,0,0,0,0
Function Template,"nlohmann::detail::to_chars(char *,const char *,FloatType)",,,,0,3,0,,,,,,,,,,,,,,,,,,,,,,,,,,,,,,,0,3,0,3,1,0,0,0,0,1,1,0,0,0,0,0,0,1,1,1,1,0,,,,,0,,0,0,,0.00,,,,
Class,"nlohmann::detail::type_error",0,3,0,1,12,0,1,1,1,1,3,0,3,0,1,0,0,,1,0,,,,,3,0,0,0,0,4,11,0,0,1,0,3,,13,1,12,4,1,0,0,0,,,,,8,8,0,0,,,,,,1,1,1,1,,1,0,,0,0.00,2,2,2,2
Public Static Function,"nlohmann::detail::type_error::create(int,const int &)",,,,0,5,0,,,,,,,,,,,,,,,,,,,,,,,,,,,,,,,0,5,0,5,2,0,0,0,0,1,1,0,2,1,1,0,0,1,1,1,1,0,,,,,0,,0,0,,0.00,,,,
Private Function,"nlohmann::detail::type_error::type_error(int,const char *)",,,,0,2,0,,,,,,,,,,,,,,,,,,,,,,,,,,,,,,,2,2,0,2,1,1,0,0,0,1,1,0,0,0,0,0,0,1,1,1,1,0,,,,,0,,0,0,,0.00,,,,
Class Template,"nlohmann::detail::wide_string_input_adapter",0,1,0,8,29,5,1,1,1,1,1,0,1,0,0,0,0,,0,0,,,,,2,0,0,0,0,2,2,0,0,0,0,2,,42,8,29,3,0,5,0,0,,,,,8,8,0,0,,,,,,1,1,1,1,,0,0,,0,0.17,2,2,2,2
Public Function Template,"nlohmann::detail::wide_string_input_adapter::fill_buffer()",,,,0,1,0,,,,,,,,,,,,,,,,,,,,,,,,,,,,,,,0,1,0,1,1,0,0,0,0,0,1,0,0,0,0,0,0,1,1,1,1,0,,,,,0,,0,0,,0.00,,,,
Public Function,"nlohmann::detail::wide_string_input_adapter::wide_string_input_adapter(BaseInputAdapter)",,,,0,1,0,,,,,,,,,,,,,,,,,,,,,,,,,,,,,,,0,1,0,1,1,0,0,0,0,0,1,0,0,0,0,0,0,1,1,1,1,0,,,,,0,,0,0,,0.00,,,,
Public Static Function,"nlohmann::detail::wide_string_input_helper::fill_buffer(BaseInputAdapter &,int)",,,,0,4,0,,,,,,,,,,,,,,,,,,,,,,,,,,,,,,,0,4,0,4,4,0,0,0,0,0,1,0,0,0,0,0,0,1,1,1,1,0,,,,,0,,0,0,,0.00,,,,
Public Static Function,"nlohmann::detail::wide_string_input_helper::fill_buffer(BaseInputAdapter &,int)",,,,0,4,0,,,,,,,,,,,,,,,,,,,,,,,,,,,,,,,0,4,0,4,4,0,0,0,0,0,1,0,0,0,0,0,0,1,1,1,1,0,,,,,0,,0,0,,0.00,,,,
Struct Template,"nlohmann::detail::wide_string_input_helper<type-parameter-0-0, 2>",0,4,0,2,56,3,1,1,1,1,4,0,4,0,0,0,0,,1,0,,,,,0,0,0,0,0,1,1,0,0,0,0,1,,61,2,56,6,1,3,0,0,,,,,1,1,0,0,,,,,,1,1,1,1,,0,0,,0,0.05,1,1,1,1
Struct Template,"nlohmann::detail::wide_string_input_helper<type-parameter-0-0, 4>",0,4,0,2,51,4,1,1,1,1,4,0,4,0,0,0,0,,1,0,,,,,0,0,0,0,0,1,1,0,0,0,0,1,,57,2,51,6,1,4,0,0,,,,,1,1,0,0,,,,,,1,1,1,1,,0,0,,0,0.08,1,1,1,1
Class Template,"nlohmann::json_pointer",0,1,0,83,484,399,1,1,1,1,1,0,1,0,0,0,0,,0,0,,,,,2,0,0,0,0,2,2,1,0,0,0,2,,961,83,484,2,0,399,0,0,,,,,4,4,0,0,,,,,,1,1,1,1,,0,0,,0,0.82,2,2,2,2
Explicit Public Function,"nlohmann::json_pointer::json_pointer(const int &)",,,,0,1,0,,,,,,,,,,,,,,,,,,,,,,,,,,,,,,,0,1,0,1,1,0,0,0,0,0,1,0,0,0,0,0,0,1,1,1,1,0,,,,,0,,0,0,,0.00,,,,
Public Const Function,"nlohmann::json_pointer::to_string()",,,,0,1,0,,,,,,,,,,,,,,,,,,,,,,,,,,,,,,,0,1,0,1,0,0,0,0,0,1,1,0,0,0,0,0,0,1,1,1,1,0,,,,,0,,0,0,,0.00,,,,
Abstract Struct Template,"nlohmann::json_sax",0,0,0,14,24,70,0,0,0,0,0,0,0,0,0,1,0,,0,0,,,,,14,0,0,0,0,14,14,0,0,0,0,14,,108,14,24,1,0,70,0,0,,,,,19,19,0,0,,,,,,0,0,0,0,,0,0,,0,2.92,0,0,0,0
Function Template,"nlohmann::to_string(const int &)",,,,0,1,0,,,,,,,,,,,,,,,,,,,,,,,,,,,,,,,0,1,0,1,0,0,0,0,0,1,1,0,0,0,0,0,0,1,1,1,1,0,,,,,0,,0,0,,0.00,,,,
File,"nlohmann\json.hpp",0,3,1,2466,14707,8945,1,1,1,1,4,0,3,1,,,,97,,,,,,379,,,,,,,,,,,,,,25557,2458,12565,1254,220,8941,868,1868,,,,3959,1313,1223,3,87,,,,,,10,10,10,10,,,2,,,0.71,400,400,403,395
Function,"operator""_json(const char *,int)",,,,0,5,0,,,,,,,,,,,,,,,,,,,,,,,,,,,,,,,0,5,0,5,0,0,0,0,0,1,1,0,1,0,0,0,0,1,1,1,1,0,,,,,0,,0,0,,0.00,,,,
Function,"operator""_json_pointer(const char *,int)",,,,0,5,0,,,,,,,,,,,,,,,,,,,,,,,,,,,,,,,0,5,0,5,0,0,0,0,0,1,1,0,1,0,0,0,0,1,1,1,1,0,,,,,0,,0,0,,0.00,,,,
Struct,"std::hash",0,4,0,0,7,5,1,1,1,1,4,0,4,0,0,0,0,,0,0,,,,,1,0,0,0,0,1,1,1,0,0,0,1,,12,0,7,1,0,5,0,0,,,,,1,1,0,0,,,,,,1,1,1,1,,0,0,,0,0.71,1,1,1,1
Public Const Function,"std::hash::operator()(const int &)",,,,0,4,0,,,,,,,,,,,,,,,,,,,,,,,,,,,,,,,0,4,0,4,0,0,0,0,0,1,1,0,1,0,0,0,0,1,1,1,1,0,,,,,0,,0,0,,0.00,,,,
Struct,"std::less",0,5,0,0,8,4,1,1,1,1,5,0,5,0,0,0,0,,0,0,,,,,1,0,0,0,0,1,1,1,0,0,0,1,,12,0,8,3,1,4,0,0,,,,,2,1,0,1,,,,,,1,1,1,1,,0,0,,0,0.50,1,1,1,1
Public Const Function,"std::less::operator()(nlohmann::detail::value_t,nlohmann::detail::value_t)",,,,0,5,0,,,,,,,,,,,,,,,,,,,,,,,,,,,,,,,2,5,0,5,2,1,0,0,0,2,1,0,1,1,0,0,1,1,1,1,1,0,,,,,0,,0,0,,0.00,,,,
Class Template,"std::tuple_element",0,0,0,0,7,0,0,0,0,0,0,0,0,0,0,0,0,,0,0,,,,,0,0,0,0,0,0,0,0,0,0,0,0,,7,0,7,1,0,0,0,0,,,,,1,1,0,0,,,,,,0,0,0,0,,0,0,,0,0.00,0,0,0,0
Class Template,"std::tuple_size",0,0,0,0,2,0,0,0,0,0,0,0,0,0,0,0,0,,0,0,,,,,0,0,0,0,0,0,0,0,0,0,0,0,,2,0,2,1,0,0,0,0,,,,,0,0,0,0,,,,,,0,0,0,0,,0,0,,0,0.00,0,0,0,0
